scout_id,scout_batch,source_platform,firm_name,source_url,city,state,practice_area_primary,practice_area_secondary,firm_size_proxy,visible_star_bands,visible_review_types,review_volume_signal,source_access_confidence,source_status,notes
wave80_yflc_google_maps,20260328_wave80,google_maps,"Your Family Law Center, S.C.","https://www.google.com/maps/place/Your+Family+Law+Center,+S.C./@43.0750641,-89.389965,17z/data=!4m8!3m7!1s0x88065337ec1836e9:0x319d33c3788e9453!8m2!3d43.0750641!4d-89.389965!9m1!1b1!16s%2Fg%2F11bvt28rx8?entry=ttu",Madison,WI,family_law,child_custody,regional_firm,1;4;5,low_star_contact_failure;low_star_expectation_break;explicit_positive_trust;long_form,medium,high,scouted_live,Verified Google Maps firm page with visible one-star and five-star family-law reviews.
wave80_kowalski_google_maps,20260328_wave80,google_maps,"Kowalski, Wilson & Vang, LLC","https://www.google.com/maps/place/Kowalski,+Wilson+%26+Vang,+LLC/@43.097286,-89.5466183,11z/data=!3m1!5s0x8807af6aa34c5011:0x3f3b1a8b48165325!4m8!3m7!1s0x8807ae8a8dfd43c7:0xcf096024b34dfbbf!8m2!3d43.0761239!4d-89.5318687!9m1!1b1!16s%2Fg%2F1ptwbrkh0?entry=ttu",Madison,WI,family_law,divorce_custody,regional_firm,1;2;4;5,low_star_contact_failure;low_star_expectation_break;trust_vs_outcome_ambiguity;mixed_4_star;long_form,medium,high,captured_live,Verified Google Maps firm page with visible one-star and two-star family-law reviews; Wave80 rows captured in Pass 1 and Pass 3.
wave80_morgan_google_maps,20260328_wave80,google_maps,Morgan & Morgan,"https://www.google.com/maps/place/Morgan+%26+Morgan/@33.7590553,-84.3867271,15z/data=!4m8!3m7!1s0x88f504787324de49:0xb50b0c4aed7cc181!8m2!3d33.7590553!4d-84.3867271!9m1!1b1!16s%2Fg%2F1tcvvpwq?entry=ttu",Atlanta,GA,personal_injury,injury_litigation,regional_firm,1;2;3;4;5,low_star_contact_failure;low_star_expectation_break;explicit_positive_outcome;explicit_positive_trust;long_form,high,high,captured_live,Verified Google Maps firm page with large low-star personal-injury pool; Wave80 rows captured in Pass 1 and Pass 3.
wave80_ryangarry_google_maps,20260328_wave80,google_maps,"Ryan Garry LLC, Criminal Defense Attorneys","https://www.google.com/maps/place/Ryan+Garry+LLC,+Criminal+Defense+Attorneys/@44.974302,-93.2697677,17z/data=!3m1!4b1!4m5!3m4!1s0x0:0xf1250c222b7411cc!8m2!3d44.974302!4d-93.267579",Minneapolis,MN,criminal_defense,dui_defense,regional_firm,5,explicit_positive_trust;long_form,high,high,scouted_live,Derived from verified Google Maps placement surfaced during Minneapolis criminal defense scouting.
wave80_matthewlind_avvo,20260328_wave80,avvo,"Sherrard McGonagle Tizzano, P.S.",https://www.avvo.com/attorneys/98370-wa-matthew-lind-36088.html?rating=2,Poulsbo,WA,real_estate,business_estate_planning,local_firm,1;2;5,low_star_expectation_break;low_star_contact_failure;trust_vs_outcome_ambiguity;long_form,medium,high,captured_gap_fill,Targeted Avvo gap-fill source used in Wave80 Pass 2 to obtain a clean 2-star real-estate/business review with explicit expectation and outcome failure language.
wave80_brianwalters_avvo,20260328_wave80,avvo,"Walters Gilbreath, PLLC",https://www.avvo.com/attorneys/75219-tx-brian-walters-43122.html?rating=2,Dallas,TX,family_law,divorce_separation,regional_firm,1;2;4;5,low_star_contact_failure;mixed_4_star;explicit_positive_trust;long_form,high,high,captured_gap_fill,Targeted Avvo gap-fill source used in Wave80 Pass 2 to obtain a clean 2-star family-law customer-experience row.
wave80_edgardgarcia_avvo,20260328_wave80,avvo,The Law Office of Edgard Garcia,https://www.avvo.com/attorneys/92243-ca-edgard-garcia-1909912.html,El Centro,CA,family_law,domestic_violence_child_support,local_firm,1;4;5,mixed_4_star;low_star_contact_failure;low_star_expectation_break;long_form,medium,high,captured_gap_fill,Targeted Avvo gap-fill source used in Wave80 Pass 2 to obtain a genuine mixed 4-star family-law row with explicit delay and responsiveness complaints.
wave80_michaeltroiano_avvo,20260328_wave80,avvo,Michael F Troiano Esq,https://www.avvo.com/attorneys/ny-michael-troiano-870364.html,Brooklyn,NY,social_security_disability,car_accidents,local_firm,1;4;5,mixed_4_star;trust_vs_outcome_ambiguity;explicit_positive_outcome;explicit_positive_trust,low,high,captured_gap_fill,Targeted Avvo gap-fill source used in Wave80 Pass 2 to obtain a mixed 4-star disability-outcome row with explicit weak result language.
wave80_martinkron_avvo,20260328_wave80,avvo,"Martin A. Kron & Associates, PC.",https://www.avvo.com/attorneys/10017-ny-martin-kron-877563.html?page=9&version=variant,New York,NY,speeding_traffic_ticket,dui_dwi,local_firm,1;3;4;5,mixed_4_star;explicit_positive_trust;long_form,high,medium,captured_gap_fill,Targeted Avvo gap-fill source used in Wave80 Pass 2 to obtain a mixed 4-star traffic row with explicit positive trust language and mild service reservation.
wave80_donstewart_avvo,20260328_wave80,avvo,"Don R. Stewart, Attorney at Law",https://www.avvo.com/attorneys/76063-tx-don-stewart-221603.html,Mansfield,TX,criminal_defense,family_business_probate,local_firm,1;4;5,low_star_expectation_break;trust_vs_outcome_ambiguity;long_form,low,high,captured_gap_fill,Targeted Avvo gap-fill source used in Wave80 Pass 2 to add another low-star non-Google row with explicit advocacy and trust collapse language.
wave80_ssdattorneys_google_maps,20260328_wave80,google_maps,Social Security Disability Attorneys,https://www.google.com/maps/search/Social+Security+Disability+Attorneys+Alsip+IL,Alsip,IL,social_security_disability,disability_benefits,regional_firm,1;2;4;5,low_star_contact_failure;low_star_clarity_break;low_star_expectation_break;explicit_positive_trust,low,medium,captured_live,Verified Google Maps disability page with visible one-star and two-star reviews; Wave80 rows captured in Pass 3.
wave80_chayet_google_maps,20260328_wave80,google_maps,"Chayet & Danzo, LLC","https://www.google.com/maps/place/Chayet+%26+Danzo,+LLC/@39.6770566,-105.0097428,12z/data=!3m1!5s0x876c7c2caa7ad471:0x45e372893d8f83f0!4m12!1m2!2m1!1sestate+planning+attorney+Denver+CO!3m8!1s0x876c7c2b5718a419:0xf965d59a55bd2e32!8m2!3d39.7035705!4d-104.9296298!9m1!1b1!15sCiJlc3RhdGUgcGxhbm5pbmcgYXR0b3JuZXkgRGVudmVyIENPWiQiImVzdGF0ZSBwbGFubmluZyBhdHRvcm5leSBkZW52ZXIgY2-SARhlc3RhdGVfcGxhbm5pbmdfYXR0b3JuZXmaASRDaGREU1VoTk1HOW5TMFZKUTBGblNVTjFlRjlUU0RCQlJSQULgAQD6AQQIXRBD!16s%2Fg%2F1tfh_240?entry=ttu&g_ep=EgoyMDI2MDMyNC4wIKXMDSoASAFQAw%3D%3D",Denver,CO,estate_planning,elder_law_probate,regional_firm,1;3;4;5,low_star_contact_failure;low_star_expectation_break;explicit_positive_trust,medium,high,scouted_live,Verified Google Maps estate-planning page with visible one-star and four-star bands; clean full-text capture not completed in Pass 3.
wave80_newfrontier_az_google_maps,20260328_wave80,google_maps,New Frontier Immigration Law,"https://www.google.com/maps/place/New+Frontier+Immigration+Law/@33.4599444,-112.0823207,17z/data=!4m8!3m7!1s0x872b13e7a7465d3d:0x23f216f055126c22!8m2!3d33.4599444!4d-112.0823207!9m1!1b1!16s%2Fg%2F11gnpzc7mf?authuser=0&hl=en&entry=ttu&g_ep=EgoyMDI2MDQwMS4wIKXMDSoASAFQAw%3D%3D",Phoenix,AZ,immigration,,regional_firm,1;2;4;5,low_star_contact_failure;low_star_expectation_break;explicit_positive_outcome;explicit_positive_trust;long_form,high,high,captured_live,Verified Google Maps immigration page with visible full-text one-star and five-star rows; 2026-04-03 Wave80 capture added AZ immigration evidence.
wave80_ericpalacios_nv_google_maps,20260328_wave80,google_maps,Eric Palacios & Associates Ltd,"https://www.google.com/maps/place/Eric+Palacios+%26+Associates+Ltd/@36.147688,-115.2634001,12z/data=!4m12!1m2!2m1!1simmigration+attorney+Las+Vegas+NV!3m8!1s0x80c8c4985dbeebaf:0xd1106b4c48bdf8a5!8m2!3d36.147688!4d-115.1192045!9m1!1b1!15sCiFpbW1pZ3JhdGlvbiBhdHRvcm5leSBMYXMgVmVnYXMgTlZaIyIhaW1taWdyYXRpb24gYXR0b3JuZXkgbGFzIHZlZ2FzIG52kgEUaW1taWdyYXRpb25fYXR0b3JuZXmaASNDaFpEU1VoTk1HOW5TMFZKUTBGblNVTktlV0Y2VlZwbkVBReABAPoBBAhAEC0!16s%2Fg%2F113f_fz_p?entry=ttu&g_ep=EgoyMDI2MDQwMS4wIKXMDSoASAFQAw%3D%3D",Las Vegas,NV,immigration,,regional_firm,1;2;4;5,low_star_contact_failure;explicit_positive_outcome;explicit_positive_trust;long_form,high,high,captured_live,Verified Google Maps immigration page with visible full-text one-star and five-star rows; 2026-04-03 Wave80 capture added NV immigration evidence.
wave80_robertwest_nv_google_maps,20260328_wave80,google_maps,Immigration Lawyer Robert West,https://www.google.com/maps/place/Immigration+Lawyer+Robert+West/data=!4m7!3m6!1s0x80c8cff8b8947a27:0x33326b0b3f8b04a5!8m2!3d36.1257285!4d-115.1827292!16s%2Fg%2F1thtpwng!19sChIJJ3qUuPjPyIARpQSLPwtrMjM?authuser=0&hl=en&rclk=1,Las Vegas,NV,immigration,,local_firm,1;2;4;5,low_star_contact_failure;low_star_expectation_break;explicit_positive_outcome;explicit_positive_trust;long_form,medium,high,scouted_live,"Verified Google Maps immigration page with visible full-text one-star, two-star, four-star, and five-star rows; held as a live backup after Eric Palacios capture landed first."
wave80_fulton_oh_google_maps,20260328_wave80,google_maps,Philip J. Fulton Law Office,"https://www.google.com/maps/place/Philip+J.+Fulton+Law+Office/@39.9688393,-85.3066395,8z/data=!3m1!5s0x88388f2ebc4519a9:0x770d18e5cffa9076!4m12!1m2!2m1!1ssocial+security+disability+attorney+Columbus+OH!3m8!1s0x88388f2ebdb75551:0xa0e57b9b139da84f!8m2!3d39.9688393!4d-82.9995106!9m1!1b1!15sCi9zb2NpYWwgc2VjdXJpdHkgZGlzYWJpbGl0eSBhdHRvcm5leSBDb2x1bWJ1cyBPSCIDiAEBWjEiL3NvY2lhbCBzZWN1cml0eSBkaXNhYmlsaXR5IGF0dG9ybmV5IGNvbHVtYnVzIG9okgEWcGVyc29uYWxfaW5qdXJ5X2xhd3llcpoBJENoZERTVWhOTUc5blMwVkpRMEZuU1VSa2NqUXRZVE4zUlJBQuABAPoBBAgAEDM!16s%2Fg%2F1tddsw02?entry=ttu&g_ep=EgoyMDI2MDQwMS4wIKXMDSoASAFQAw%3D%3D",Columbus,OH,social_security_disability,workers_compensation,regional_firm,1;2;4;5,low_star_expectation_break;explicit_positive_outcome;explicit_positive_trust;long_form,high,high,captured_live,Verified Google Maps disability page with visible full-text one-star and five-star rows; 2026-04-03 Wave80 capture added OH disability evidence.
wave80_anchor_va_google_maps,20260328_wave80,google_maps,"Anchor Legal Group, PLLC","https://www.google.com/maps/place/Anchor+Legal+Group,+PLLC/@36.844447,-76.3223246,12z/data=!3m1!5s0x89ba95e1e12828cd:0xae4c806bf0b4d547!4m10!1m2!2m1!1sestate+planning+attorney+Virginia+Beach+VA!3m6!1s0x89ba95ec8da98f2b:0x7a77f56f51b8111d!8m2!3d36.844447!4d-76.178129!15sCiplc3RhdGUgcGxhbm5pbmcgYXR0b3JuZXkgVmlyZ2luaWEgQmVhY2ggVkFaLCIqZXN0YXRlIHBsYW5uaW5nIGF0dG9ybmV5IHZpcmdpbmlhIGJlYWNoIHZhkgEWcGVyc29uYWxfaW5qdXJ5X2xhd3llcpoBI0NoWkRTVWhOTUc5blMwVkpRMEZuVFVSM2JIQlFhVkYzRUFF4AEA-gEFCNUBEEg!16s%2Fg%2F11n08fc0lb?entry=ttu&g_ep=EgoyMDI2MDQwMS4wIKXMDSoASAFQAw%3D%3D",Virginia Beach,VA,estate_planning,probate,regional_firm,1;2;4;5,low_star_expectation_break;explicit_positive_outcome;explicit_positive_trust;long_form,high,medium,captured_live,Verified Google Maps page surfaced from a Virginia Beach estate / probate search lane with visible full-text two-star and five-star rows; 2026-04-03 Wave80 capture added VA probate-lane evidence.
wave80_swartz_fl_google_maps,20260328_wave80,google_maps,Swartz Law Firm,"https://www.google.com/maps/place/Swartz+Law+Firm/@25.77448,-80.192179,17z/data=!3m1!5s0x88d9b69ea214c923:0xfe058341612a576d!4m8!3m7!1s0x88d9b69e19b574f9:0x1928b96a4c384d6a!8m2!3d25.77448!4d-80.192179!9m1!1b1!16s%2Fg%2F1th24m18?entry=ttu&g_ep=EgoyMDI2MDQwMS4wIKXMDSoASAFQAw%3D%3D",Miami,FL,criminal_defense,,local_firm,1;2;4;5,low_star_contact_failure;low_star_expectation_break;explicit_positive_trust;explicit_positive_outcome;long_form,medium,high,captured_live,Verified Google Maps criminal-defense page with visible full-text one-star and five-star rows; Google Maps mixed 4-star and 2-star filters stayed dead in this pass.
wave80_hager_fl_google_maps,20260328_wave80,google_maps,"Hager & Schwartz, P.A.","https://www.google.com/maps/place/Hager+%26+Schwartz,+P.A./@25.7898145,-80.1857366,17z/data=!3m1!4b1!4m6!3m5!1s0x88d9b41d10d90789:0xb6eb0e34c980c797!8m2!3d25.7898145!4d-80.1857366!16s%2Fg%2F1tcv_6nv?authuser=0&hl=en&entry=ttu&g_ep=EgoyMDI2MDQwMS4wIKXMDSoASAFQAw%3D%3D",Miami,FL,criminal_defense,,regional_firm,5,explicit_positive_trust;long_form,medium,medium,scouted_live,Verified Google Maps criminal-defense page with visible full-text five-star rows; held as a live backup after the Swartz lane yielded stronger low-star evidence.
wave80_baez_fl_google_maps,20260328_wave80,google_maps,The Baez Law Firm,"https://www.google.com/maps/place/The+Baez+Law+Firm/@25.7619992,-80.19214,17z/data=!3m1!4b1!4m6!3m5!1s0x88d9b79968fb20dd:0x852e8f0fa01f5ec4!8m2!3d25.7619992!4d-80.19214!16s%2Fg%2F1hf87q_mm?entry=ttu&g_ep=EgoyMDI2MDQwMS4wIKXMDSoASAFQAw%3D%3D",Miami,FL,criminal_defense,,local_firm,5,explicit_positive_trust;long_form,medium,medium,scouted_live,Verified Google Maps criminal-defense page with visible full-text five-star rows; kept live in the scout queue as a Florida backup lane.
wave80_canto_md_google_maps,20260328_wave80,google_maps,"Canto Legal - Immigration Attorneys","https://www.google.com/maps/place/Canto+Legal+-+Immigration+Attorneys/data=!4m7!3m6!1s0x89c80e2c327baa9f:0xb7434ff99f75ec7b!8m2!3d39.4007801!4d-76.6038908!16s%2Fg%2F12hnry3q5!19sChIJn6p7MiwOyIkRe-x1n_lPQ7c?authuser=0&hl=en&rclk=1",Towson,MD,immigration,,regional_firm,1;3;4;5,low_star_contact_failure;low_star_expectation_break;explicit_positive_trust;long_form,high,high,captured_live,Verified Google Maps immigration page with visible full-text one-star and five-star rows in Maryland; live page showed zero two-star reviews, so 2026-04-04 Wave80 capture landed honest low-star and positive fallback evidence instead of new two-star rows.
wave80_nmilc_nm_google_maps,20260328_wave80,google_maps,New Mexico Immigration Law Center,"https://www.google.com/maps/place/New+Mexico+Immigration+Law+Center/data=!4m7!3m6!1s0x87220cc0d1b4f059:0x1d8f5329acf859e7!8m2!3d35.0833279!4d-106.6551468!16s%2Fg%2F11c58nsz24!19sChIJWfC00cAMIocR51n4rClTjx0?authuser=0&hl=en&rclk=1",Albuquerque,NM,immigration,,local_firm,1;3;4;5,low_star_contact_failure;low_star_expectation_break;explicit_positive_trust;long_form,medium,high,captured_live,Verified Google Maps immigration page with visible full-text one-star and five-star rows in New Mexico; live page showed zero two-star reviews and the one-star quote chip was used to open the full low-star body for the 2026-04-04 Wave80 pass.
wave80_utahcda_ut_google_maps,20260328_wave80,google_maps,Utah Criminal Defense Attorneys,"https://www.google.com/maps/place/Utah+Criminal+Defense+Attorneys/@40.698899,-111.9001526,17z/data=!3m1!4b1!4m6!3m5!1s0x87528b7a4c84b053:0xd54709103b7e367a!8m2!3d40.698899!4d-111.9001526!16s%2Fg%2F11h269gglq?authuser=0&hl=en&entry=ttu&g_ep=EgoyMDI2MDQwMS4wIKXMDSoASAFQAw%3D%3D",Salt Lake City,UT,criminal_defense,,local_firm,1;5,low_star_contact_failure;low_star_expectation_break;explicit_positive_trust,medium,high,captured_live,Verified Google Maps criminal-defense page with visible full-text one-star and five-star rows in Utah; live page showed zero two-star reviews, so the 2026-04-04 Wave80 pass used the visible one-star quote chip plus full five-star trust text.
wave80_joshlee_ok_google_maps,20260328_wave80,google_maps,Josh Lee & Associates Criminal Defense & DUI Attorneys,"https://www.google.com/maps/place/Josh+Lee+%26+Associates+Criminal+Defense+%26+DUI+Attorneys/data=!4m7!3m6!1s0x87b21aee9f2b4015:0xef52e73a00d75af9!8m2!3d35.3853593!4d-97.5475891!16s%2Fg%2F1tcxdq99!19sChIJFUArn-4asocR-VrXADrnUu8?authuser=0&hl=en&rclk=1",Oklahoma City,OK,criminal_defense,,regional_firm,1;3;4;5,explicit_positive_outcome;explicit_positive_trust;long_form,medium,high,captured_live,Verified Google Maps criminal-defense page with visible full-text five-star rows in Oklahoma City; live page showed zero two-star reviews and the lowest-sort view continued surfacing only positive cards, so the 2026-04-04 Wave80 pass captured a text-rich positive row while documenting the honest two-star miss.
wave80_bailey_or_google_maps_dead_2star,20260328_wave80,google_maps,Bailey Immigration,https://www.google.com/maps/place/Bailey+Immigration/@45.4910272,-122.671294,17z/data=!3m1!5s0x54950a58940fe063:0xb217f264fc56a8e8!4m8!3m7!1s0x54950a5eec1bf47f:0xcd492f25ad4d4d21!8m2!3d45.4910272!4d-122.671294!9m1!1b1!16s%2Fg%2F1tr178hy?authuser=0&hl=en&entry=ttu&g_ep=EgoyMDI2MDQwMS4wIKXMDSoASAFQAw%3D%3D,Portland,OR,immigration,,local_firm,2,explicit_visible_2star_count;lowest_sort_dead_end,medium,high,scouted_live,Pass 36 Google Maps 2-star surfacing scout: visible 2-star count existed; Lowest sort loaded; no full-text 2-star body surfaced after review-panel attempts.
wave80_fakhoury_mi_google_maps_dead_2star,20260328_wave80,google_maps,Fakhoury Global Immigration,https://www.google.com/maps/place/Fakhoury+Global+Immigration/@42.5941059,-83.171839,17z/data=!4m8!3m7!1s0x8824c6e9a616f831:0xba1c3e1a9fca65c7!8m2!3d42.5941059!4d-83.171839!9m1!1b1!16s%2Fg%2F1td0bkdp?authuser=0&hl=en&entry=ttu&g_ep=EgoyMDI2MDQwMS4wIKXMDSoASAFQAw%3D%3D,Troy,MI,immigration,,regional_firm,2,explicit_visible_2star_count;lowest_sort_dead_end,medium,high,scouted_live,Pass 36 Google Maps 2-star surfacing scout: visible 2-star count existed; Lowest sort loaded; no full-text 2-star body surfaced after review-panel attempts.
wave80_romero_nm_google_maps_dead_2star,20260328_wave80,google_maps,Mary Ann Romero & Associates,https://www.google.com/maps/place/Mary+Ann+Romero+%26+Associates/@35.0954312,-106.6505894,17z/data=!4m8!3m7!1s0x87220cbca14bb8b3:0xc6cd0de6ed0824a3!8m2!3d35.0954312!4d-106.6505894!9m1!1b1!16s%2Fg%2F1tf5l31b?authuser=0&hl=en&entry=ttu&g_ep=EgoyMDI2MDQwMS4wIKXMDSoASAFQAw%3D%3D,Albuquerque,NM,immigration,,local_firm,2,explicit_visible_2star_count;lowest_sort_dead_end,medium,high,scouted_live,Pass 36 Google Maps 2-star surfacing scout: visible 2-star count existed; Lowest sort loaded; no full-text 2-star body surfaced after review-panel attempts.
wave80_randall_nc_google_maps_dead_2star,20260328_wave80,google_maps,Randall Law PLLC,https://www.google.com/maps/place/Randall+Law+PLLC/data=!4m7!3m6!1s0x88569f797b2d2f9b:0xc0194f57231b7039!8m2!3d35.2180349!4d-80.8375568!16s%2Fg%2F1ptx9_y8l!19sChIJmy8te3mfVogROXAbI1dPGcA?authuser=0&hl=en&rclk=1,Charlotte,NC,criminal_defense,,local_firm,2,explicit_visible_2star_count;lowest_sort_dead_end,medium,high,scouted_live,Pass 36 Google Maps 2-star surfacing scout: visible 2-star count existed; Lowest sort loaded; no full-text 2-star body surfaced after review-panel attempts.
wave80_junglelaw_mo_google_maps_dead_2star,20260328_wave80,google_maps,Jungle Law,https://www.google.com/maps/place/Jungle+Law/data=!4m7!3m6!1s0x87c0f04071c55397:0x38f468c7389c7ef0!8m2!3d39.0858281!4d-94.5852559!16s%2Fg%2F11f3scljss!19sChIJl1PFcUDwwIcR8H6cOMdo9Dg?authuser=0&hl=en&rclk=1,Kansas City,MO,criminal_defense,,regional_firm,2,explicit_visible_2star_count;lowest_sort_dead_end,medium,high,scouted_live,Pass 36 Google Maps 2-star surfacing scout: visible 2-star count existed; Lowest sort loaded; no full-text 2-star body surfaced after review-panel attempts.
wave80_cogan_or_google_maps_dead_2star,20260328_wave80,google_maps,"Mark C. Cogan, P.C.",https://www.google.com/maps/place/Mark+C.+Cogan,+P.C./data=!4m7!3m6!1s0x54950a118a64521f:0xadbfff943cdc2e67!8m2!3d45.5120112!4d-122.6763248!16s%2Fg%2F1v4k66r8!19sChIJH1JkihEKlVQRZy7cPJT_v60?authuser=0&hl=en&rclk=1,Portland,OR,criminal_defense,,local_firm,2,explicit_visible_2star_count;lowest_sort_dead_end,medium,high,scouted_live,Pass 36 Google Maps 2-star surfacing scout: visible 2-star count existed; Lowest sort loaded; no full-text 2-star body surfaced after review-panel attempts.
wave80_gavlin_ny_avvo_2star,20260328_wave80,avvo,Nataliya I. Gavlin,https://www.avvo.com/attorneys/10007-ny-nataliya-gavlin-1791518.html?rating=2,New York,NY,immigration,,local_firm,2,low_star_contact_failure;low_star_expectation_break,high,high,captured_live,Pass 36 controlled fallback row captured after the six-lane Google Maps 2-star threshold triggered; filtered Avvo review stayed in-practice and full-text.
wave80_matthewnielson_ut_lawyers_com_2star,20260328_wave80,lawyers_com,Matthew Nielson Disability Law,https://www.lawyers.com/sandy/utah/matthew-nielson-disability-law-161097405-f/,Sandy,UT,social_security_disability,,local_firm,2,low_star_expectation_break;trust_vs_outcome_ambiguity,medium,high,captured_live,Pass 36 controlled fallback row captured after the six-lane Google Maps 2-star threshold triggered; Lawyers.com page exposed a full-text 2-star Social Security Disability review in visible HTML.
wave80_collins_md_lawyers_com_2star,20260328_wave80,lawyers_com,The Collins Firm,https://www.lawyers.com/columbia/maryland/the-collins-firm-3255783-f/?reviewsPage=4#reviews,Columbia,MD,estate_planning,probate,regional_firm,2,low_star_expectation_break;low_star_clarity_break;long_form,medium,high,captured_live,Pass 36 controlled fallback row captured after the six-lane Google Maps 2-star threshold triggered; Lawyers.com page exposed a full-text 2-star Trusts and Estates review in visible HTML.
wave80_stamm_md_lawyers_com_2star,20260328_wave80,lawyers_com,Leonard R. Stamm,https://www.lawyers.com/greenbelt/maryland/leonard-r-stamm-634044-a/,Greenbelt,MD,criminal_defense,dui_dwi,local_firm,2,low_star_expectation_break;trust_vs_outcome_ambiguity;long_form,medium,high,captured_live,Pass 36 controlled fallback row captured after the six-lane Google Maps 2-star threshold triggered; Lawyers.com page exposed a full-text 2-star Criminal Law review in visible HTML.
wave80_pass37_robertwest_nv_google_maps_dead_2star,20260328_wave80,google_maps,Immigration Lawyer Robert West,https://www.google.com/maps/place/Immigration+Lawyer+Robert+West/data=!4m7!3m6!1s0x80c8cff8b8947a27:0x33326b0b3f8b04a5!8m2!3d36.1257285!4d-115.1827292!16s%2Fg%2F1thtpwng!19sChIJJ3qUuPjPyIARpQSLPwtrMjM?authuser=0&hl=en&rclk=1,Las Vegas,NV,immigration,,local_firm,2,explicit_visible_2star_count;lowest_sort_dead_end,medium,high,scouted_live,Pass 37 Google Maps 2-star surfacing scout: visible 2-star count existed; Lowest sort and review-panel attempts stayed in limited-view mode and did not surface a usable full-text 2-star body.
wave80_pass37_fulton_oh_google_maps_dead_2star,20260328_wave80,google_maps,Philip J. Fulton Law Office,"https://www.google.com/maps/place/Philip+J.+Fulton+Law+Office/@39.9688393,-85.3066395,8z/data=!3m1!5s0x88388f2ebc4519a9:0x770d18e5cffa9076!4m12!1m2!2m1!1ssocial+security+disability+attorney+Columbus+OH!3m8!1s0x88388f2ebdb75551:0xa0e57b9b139da84f!8m2!3d39.9688393!4d-82.9995106!9m1!1b1!15sCi9zb2NpYWwgc2VjdXJpdHkgZGlzYWJpbGl0eSBhdHRvcm5leSBDb2x1bWJ1cyBPSCIDiAEBWjEiL3NvY2lhbCBzZWN1cml0eSBkaXNhYmlsaXR5IGF0dG9ybmV5IGNvbHVtYnVzIG9okgEWcGVyc29uYWxfaW5qdXJ5X2xhd3llcpoBJENoZERTVWhOTUc5blMwVkpRMEZuU1VSa2NqUXRZVE4zUlJBQuABAPoBBAgAEDM!16s%2Fg%2F1tddsw02?entry=ttu&g_ep=EgoyMDI2MDQwMS4wIKXMDSoASAFQAw%3D%3D",Columbus,OH,social_security_disability,,regional_firm,2,explicit_visible_2star_count;lowest_sort_dead_end,medium,high,scouted_live,Pass 37 Google Maps 2-star surfacing scout: visible 2-star count existed; Lowest sort kept surfacing non-2-star cards and never exposed a usable full-text 2-star body.
wave80_pass37_manring_oh_google_maps_dead_2star,20260328_wave80,google_maps,Manring & Farrell,https://www.google.com/maps/search/Manring+%26+Farrell+Columbus+OH,Columbus,OH,social_security_disability,,regional_firm,2,no_review_tab;limited_view_pane,low,medium,scouted_live,"Pass 37 Google Maps 2-star surfacing scout: the selected place panel never exposed a usable review tab and stayed in a limited-view state, so no full-text 2-star body could be surfaced."
wave80_pass37_disabilityhelpers_il_google_maps_dead_2star,20260328_wave80,google_maps,Disability Helpers LLC,https://www.google.com/maps/place/Disability+Helpers+LLC/data=!4m7!3m6!1s0x880e2da555555555:0x2d2ffe9344af4cf1!8m2!3d41.6933388!4d-87.7573416!16s%2Fg%2F113g33gph!19sChIJVVVVVaUtDogR8UyvRJP-Ly0?authuser=0&hl=en&rclk=1,Alsip,IL,social_security_disability,,regional_firm,2,no_review_tab;limited_view_pane,low,medium,scouted_live,"Pass 37 Google Maps 2-star surfacing scout: the direct place page rendered only overview/about style limited-view content with no usable review tab, so no full-text 2-star body surfaced."
wave80_pass37_newfrontier_az_google_maps_dead_2star,20260328_wave80,google_maps,New Frontier Immigration Law,"https://www.google.com/maps/place/New+Frontier+Immigration+Law/@33.4599444,-112.0823207,17z/data=!4m8!3m7!1s0x872b13e7a7465d3d:0x23f216f055126c22!8m2!3d33.4599444!4d-112.0823207!9m1!1b1!16s%2Fg%2F11gnpzc7mf?authuser=0&hl=en&entry=ttu&g_ep=EgoyMDI2MDQwMS4wIKXMDSoASAFQAw%3D%3D",Phoenix,AZ,immigration,,regional_firm,2,explicit_visible_2star_count;lowest_sort_dead_end,high,high,scouted_live,"Pass 37 Google Maps 2-star surfacing scout: visible 2-star count existed, but Lowest sort and direct histogram attempts still never surfaced a usable full-text 2-star body before the page fell back to limited view."
wave80_pass37_accessdisability_mo_google_maps_dead_2star,20260328_wave80,google_maps,"Access Disability, LLC","https://www.google.com/maps/place/Access+Disability,+LLC/data=!4m7!3m6!1s0x87df2d0de5fa6125:0x789bb185cc42d289!8m2!3d38.6822538!4d-90.4730181!16s%2Fg%2F1hm41qs8n!19sChIJJWH65Q0t34cRidJCzIWxm3g?authuser=0&hl=en&rclk=1",St. Louis,MO,social_security_disability,,local_firm,2,no_review_tab;limited_view_pane,low,medium,scouted_live,"Pass 37 Google Maps 2-star surfacing scout: the direct place page stayed in overview/about limited view with no usable review tab, so no full-text 2-star body could be surfaced."
wave80_pass37_ericpalacios_nv_google_maps_dead_2star,20260328_wave80,google_maps,Eric Palacios & Associates Ltd,"https://www.google.com/maps/place/Eric+Palacios+%26+Associates+Ltd/@36.147688,-115.2634001,12z/data=!4m12!1m2!2m1!1simmigration+attorney+Las+Vegas+NV!3m8!1s0x80c8c4985dbeebaf:0xd1106b4c48bdf8a5!8m2!3d36.147688!4d-115.1192045!9m1!1b1!15sCiFpbW1pZ3JhdGlvbiBhdHRvcm5leSBMYXMgVmVnYXMgTlZaIyIhaW1taWdyYXRpb24gYXR0b3JuZXkgbGFzIHZlZ2FzIG52kgEUaW1taWdyYXRpb25fYXR0b3JuZXmaASNDaFpEU1VoTk1HOW5TMFZKUTBGblNVTktlV0Y2VlZwbkVBReABAPoBBAhAEC0!16s%2Fg%2F113f_fz_p?entry=ttu&g_ep=EgoyMDI2MDQwMS4wIKXMDSoASAFQAw%3D%3D",Las Vegas,NV,immigration,,regional_firm,2,explicit_visible_2star_count;lowest_sort_dead_end,medium,high,scouted_live,"Pass 37 Google Maps 2-star surfacing scout: visible 2-star count existed; direct histogram, Lowest sort, and review-panel scroll attempts never surfaced a usable full-text 2-star body."
wave80_pass37_velasquez_nv_google_maps_dead_2star,20260328_wave80,google_maps,Velasquez Immigration Law Group,"https://www.google.com/maps/place/Velasquez+Immigration+Law+Group/@36.0876446,-115.1018053,17z/data=!3m1!4b1!4m6!3m5!1s0x80c8c56752d82801:0x57c9be0860792e41!8m2!3d36.0876446!4d-115.1018053!16s%2Fg%2F11b724jy2z?entry=ttu&g_ep=EgoyMDI2MDQwMS4wIKXMDSoASAFQAw%3D%3D",Las Vegas,NV,immigration,,regional_firm,2,explicit_visible_2star_count;quote_chip_mismatch;lowest_sort_dead_end,medium,high,scouted_live,"Pass 37 Google Maps 2-star surfacing scout: visible 2-star count existed, but the live quote-chip route resolved to a 3-star reviewer page and no usable full-text 2-star body surfaced in the review panel."
wave80_pass37_downard_tn_lawyers_com_2star,20260328_wave80,lawyers_com,Downard & Associates,https://www.lawyers.com/chattanooga/tennessee/downard-and-associates-157890819-f/?reviewsPage=3,Chattanooga,TN,social_security_disability,,local_firm,2,low_star_expectation_break;trust_vs_outcome_ambiguity,medium,high,captured_live,Pass 37 controlled fallback row: Lawyers.com page exposed a visible full-text 2-star Social Security review after the same-pass Google Maps surfacing threshold was re-earned.
wave80_pass37_ashmore_sc_lawyers_com_2star,20260328_wave80,lawyers_com,"Ashmore Leaphart & Rabon, LLC",https://www.lawyers.com/greenville/south-carolina/ashmore-leaphart-rabon-llc-1588275-f/,Greenville,SC,estate_planning,probate,regional_firm,2,low_star_expectation_break,low,high,captured_live,Pass 37 controlled fallback row: Lawyers.com page exposed a visible full-text 2-star Trusts and Estates review after the same-pass Google Maps surfacing threshold was re-earned.
wave80_pass37_alanross_pa_lawyers_com_2star,20260328_wave80,lawyers_com,Law Office of Alan Michael Ross,https://www.lawyers.com/harrisburg/pennsylvania/law-office-of-alan-michael-ross-43121644-f/,Harrisburg,PA,criminal_defense,,local_firm,2,low_star_expectation_break;trust_vs_outcome_ambiguity,low,high,captured_live,Pass 37 controlled fallback row: Lawyers.com page exposed a visible full-text 2-star Criminal Law review after the same-pass Google Maps surfacing threshold was re-earned.
