record_id,collection_batch,source_platform,source_url,source_capture_method,firm_name,attorney_name,practice_area_primary,practice_area_secondary,city,state,review_rating,review_date,collection_date,reviewer_label,review_text_raw,review_text_normalized,owner_response_raw,provenance_note,source_firm_key,normalized_text_hash,length_bucket,weak_slice_tags,dataset_role,human_review_status,dedupe_status,dedupe_group_id,duplicate_of_record_id
kowalski_20260328_bradcanard_1,20260328_wave80,google_maps,"https://www.google.com/maps/place/Kowalski,+Wilson+%26+Vang,+LLC/@43.097286,-89.5466183,11z/data=!3m1!5s0x8807af6aa34c5011:0x3f3b1a8b48165325!4m8!3m7!1s0x8807ae8a8dfd43c7:0xcf096024b34dfbbf!8m2!3d43.0761239!4d-89.5318687!9m1!1b1!16s%2Fg%2F1ptwbrkh0?entry=ttu",agent_browser_capture_google_maps,"Kowalski, Wilson & Vang, LLC",Kathleen Hessel,family_law,divorce_custody,Madison,WI,1,a year ago,2026-03-28,Brad Canard,"I hired attorney Kathleen Hessel to help me with a contempt hearing. From the start, Ms. Hessel was not looking out for my best interests. She did not offer concrete steps I could take. I had to require her to take my offers to the other side. I was able to do that myself. It was a complete waste of money for me to hire this law firm.","i hired attorney kathleen hessel to help me with a contempt hearing. from the start, ms. hessel was not looking out for my best interests. she did not offer concrete steps i could take. i had to require her to take my offers to the other side. i was able to do that myself. it was a complete waste of money for me to hire this law firm.",,Captured from public Google Maps place page via agent browser capture on 2026-03-28; full review text visible in live page snapshot.,kowalski_wilson_vang_llc__wi,f904f64bb7474cbf18d8c8c4dfd5d945e1b7474a,medium,low_star_expectation_break;trust_vs_outcome_ambiguity;long_form,corpus_only,,unique,,
kowalski_20260328_nicholasbuettner_1,20260328_wave80,google_maps,"https://www.google.com/maps/place/Kowalski,+Wilson+%26+Vang,+LLC/@43.097286,-89.5466183,11z/data=!3m1!5s0x8807af6aa34c5011:0x3f3b1a8b48165325!4m8!3m7!1s0x8807ae8a8dfd43c7:0xcf096024b34dfbbf!8m2!3d43.0761239!4d-89.5318687!9m1!1b1!16s%2Fg%2F1ptwbrkh0?entry=ttu",agent_browser_capture_google_maps,"Kowalski, Wilson & Vang, LLC",,family_law,divorce_custody,Madison,WI,1,4 years ago,2026-03-28,Nicholas Buettner,Couldn't give any answers as to what typically happens in the state of Wisconsin for a case and told me to move forward it would be 3500. Was more interested in the money than letting a client know how he could help them or if he even could.,couldn't give any answers as to what typically happens in the state of wisconsin for a case and told me to move forward it would be 3500. was more interested in the money than letting a client know how he could help them or if he even could.,,Captured from public Google Maps place page via agent browser capture on 2026-03-28; full review text visible in live page snapshot.,kowalski_wilson_vang_llc__wi,864e7ef84579baec451593c6347917bad2739871,medium,low_star_clarity_break;low_star_expectation_break,corpus_only,,unique,,
kowalski_20260328_cynthiapeterson_1,20260328_wave80,google_maps,"https://www.google.com/maps/place/Kowalski,+Wilson+%26+Vang,+LLC/@43.097286,-89.5466183,11z/data=!3m1!5s0x8807af6aa34c5011:0x3f3b1a8b48165325!4m8!3m7!1s0x8807ae8a8dfd43c7:0xcf096024b34dfbbf!8m2!3d43.0761239!4d-89.5318687!9m1!1b1!16s%2Fg%2F1ptwbrkh0?entry=ttu",agent_browser_capture_google_maps,"Kowalski, Wilson & Vang, LLC",,family_law,divorce_custody,Madison,WI,1,5 years ago,2026-03-28,Cynthia Peterson,They hire a consultant who does nothing. You get stuck paying the bill.,they hire a consultant who does nothing. you get stuck paying the bill.,,Captured from public Google Maps place page via agent browser capture on 2026-03-28; full review text visible in live page snapshot.,kowalski_wilson_vang_llc__wi,988fd914d90e9702bf17869e7d23b8ff51453d91,short,low_star_expectation_break,corpus_only,,unique,,
morgan_20260328_elishaurgent_1,20260328_wave80,google_maps,"https://www.google.com/maps/place/Morgan+%26+Morgan/@33.7590553,-84.3867271,15z/data=!4m8!3m7!1s0x88f504787324de49:0xb50b0c4aed7cc181!8m2!3d33.7590553!4d-84.3867271!9m1!1b1!16s%2Fg%2F1tcvvpwq?entry=ttu",agent_browser_capture_google_maps,Morgan & Morgan,Alex Griffin,personal_injury,injury_litigation,Atlanta,GA,1,2 months ago,2026-03-28,Elisha Urgent,"I initially contacted Morgan & Morgan about a month ago regarding an injury I sustained after being burned at Cuts Steakhouse in Suwanee. I provided all of my information and was told they would start my case. After waiting a full month without any communication or updates, I reached out to ask for a status update. Today, I received a call from one of their attorneys, Alex Griffin. He stated that because the case would likely only be worth around $3,000?$5,000, they may not be able to take it due to the recovery of their fees. I explained that I had first tried to resolve my medical bills on my own directly with Cuts Steakhouse, but received no response, which is why I sought legal help. His response was essentially, ""You were injured, but it?s not enough for us to take on."" He showed no empathy, became irritated when I asked questions, and was rude and disrespectful. He eventually said the call was ""going nowhere,"" told me he would reach back out in February, and then hung up on me. I called Morgan & Morgan back to report the interaction and requested another attorney. I made a formal report, and less than an hour later, Alex Griffin left me a voicemail stating that he was dropping my case. At no point was I rude or raised my voice?he was clearly irritated simply because I was asking questions. Morgan & Morgan advertises that they are ""for the people,"" but my experience was extremely uncomfortable and disappointing. I will never use them again, and based on how I was treated, I would not recommend them to anyone else.","i initially contacted morgan & morgan about a month ago regarding an injury i sustained after being burned at cuts steakhouse in suwanee. i provided all of my information and was told they would start my case. after waiting a full month without any communication or updates, i reached out to ask for a status update. today, i received a call from one of their attorneys, alex griffin. he stated that because the case would likely only be worth around $3,000?$5,000, they may not be able to take it due to the recovery of their fees. i explained that i had first tried to resolve my medical bills on my own directly with cuts steakhouse, but received no response, which is why i sought legal help. his response was essentially, ""you were injured, but it?s not enough for us to take on."" he showed no empathy, became irritated when i asked questions, and was rude and disrespectful. he eventually said the call was ""going nowhere,"" told me he would reach back out in february, and then hung up on me. i called morgan & morgan back to report the interaction and requested another attorney. i made a formal report, and less than an hour later, alex griffin left me a voicemail stating that he was dropping my case. at no point was i rude or raised my voice?he was clearly irritated simply because i was asking questions. morgan & morgan advertises that they are ""for the people,"" but my experience was extremely uncomfortable and disappointing. i will never use them again, and based on how i was treated, i would not recommend them to anyone else.",,Captured from public Google Maps place page via agent browser capture on 2026-03-28; full review text visible in live page snapshot.,morgan_morgan__ga,2f791138956439d787a26d1afda028622bfef5f6,long,low_star_contact_failure;low_star_expectation_break;trust_vs_outcome_ambiguity;long_form,corpus_only,,unique,,
morgan_20260328_daniel_5,20260328_wave80,google_maps,"https://www.google.com/maps/place/Morgan+%26+Morgan/@33.7590553,-84.3867271,15z/data=!4m8!3m7!1s0x88f504787324de49:0xb50b0c4aed7cc181!8m2!3d33.7590553!4d-84.3867271!9m1!1b1!16s%2Fg%2F1tcvvpwq?entry=ttu",agent_browser_capture_google_maps,Morgan & Morgan,Tiffiny Robinson; Shavon Reid,personal_injury,injury_litigation,Atlanta,GA,5,2 months ago,2026-03-28,Daniel,"I?m BEYOND thankful to Morgan and Morgan for ALL of their help in closing my case. It was a long emotional journey that I hope to never endure again. But if I had to do it again, I?d choose this office. I had the wonderful opportunity working with Attorney Tiffiny Robinson and her team. The whole team worked extremely hard to get me the best result possible. Ms Shavon Reid was also an integral part of my cases success as well. Day in and day out she poured endless hours into my case and I couldn?t be more thankful. This team was spectacular and I highly recommend working with them as you won?t regret it. They won?t let you down and they will fight like hell until a great result is achieved. SO thank you Morgan and Morgan for working with me and an EXTRA EXTRA thank you to Attorney Robinson and her stellar team for an AMAZING job. I highly recommend this firm as they will fight tooth and nails for you and truly care about your journey healing and getting back to a somewhat normal and healthy life again. 10 out of 10 stars for this stellar team. And I highly recommend them too.","i?m beyond thankful to morgan and morgan for all of their help in closing my case. it was a long emotional journey that i hope to never endure again. but if i had to do it again, i?d choose this office. i had the wonderful opportunity working with attorney tiffiny robinson and her team. the whole team worked extremely hard to get me the best result possible. ms shavon reid was also an integral part of my cases success as well. day in and day out she poured endless hours into my case and i couldn?t be more thankful. this team was spectacular and i highly recommend working with them as you won?t regret it. they won?t let you down and they will fight like hell until a great result is achieved. so thank you morgan and morgan for working with me and an extra extra thank you to attorney robinson and her stellar team for an amazing job. i highly recommend this firm as they will fight tooth and nails for you and truly care about your journey healing and getting back to a somewhat normal and healthy life again. 10 out of 10 stars for this stellar team. and i highly recommend them too.",,Captured from public Google Maps place page via agent browser capture on 2026-03-28; full review text visible in live page snapshot.,morgan_morgan__ga,b9641ea53ad22579454f5bdc0f19a22f458a047a,long,explicit_positive_outcome;explicit_positive_trust;long_form,corpus_only,,unique,,
morgan_20260328_tiffanyjohnson_5,20260328_wave80,google_maps,"https://www.google.com/maps/place/Morgan+%26+Morgan/@33.7590553,-84.3867271,15z/data=!4m8!3m7!1s0x88f504787324de49:0xb50b0c4aed7cc181!8m2!3d33.7590553!4d-84.3867271!9m1!1b1!16s%2Fg%2F1tcvvpwq?entry=ttu",agent_browser_capture_google_maps,Morgan & Morgan,Hassansh; John,personal_injury,injury_litigation,Atlanta,GA,5,2 months ago,2026-03-28,Tiffany Johnson,"Hassansh and John are absolutely the best in Atlanta. Very professional, knowledgeable and prompt,. They responded to all calls, texts, and emails the same day. The best experience I've ever had. Contact them today. You will not be disappointed.","hassansh and john are absolutely the best in atlanta. very professional, knowledgeable and prompt,. they responded to all calls, texts, and emails the same day. the best experience i've ever had. contact them today. you will not be disappointed.",,Captured from public Google Maps place page via agent browser capture on 2026-03-28; full review text visible in live page snapshot.,morgan_morgan__ga,2bb4d4fb6a4c58024010d941489d2e364b1748ad,medium,explicit_positive_trust,corpus_only,,unique,,
matthewlind_20260329_wayne_2,20260328_wave80,avvo,https://www.avvo.com/attorneys/98370-wa-matthew-lind-36088.html?rating=2,agent_web_capture_avvo,"Sherrard McGonagle Tizzano, P.S.",Matthew A Lind,real_estate,business_estate_planning,Poulsbo,WA,2,"February 01, 2016",2026-03-29,Wayne,"Matt Failed to capitalize on the facts of my case. He told me our strategy, but failed to follow his own strategy of waiting for an offer to come to us, but he still charged me with meetings with the opposition with no offer on the table. We never received any replies to requests for information, but he was very insistent that we provide every scrap of paper from my personal files to the opposing lawyer before any discovery or even before he made our case. When we went to mediation, he was not familiar with the points of my case, and I explained for myself. I gave him information from my personal files, neatly and in folders, when it was returned, not everything was returned and it was a mess, not very professional. The outcome of my case was far less than expected and cost far more than the services I received. The facts are that I gave away part of my property for a right of way, needlessly.","matt failed to capitalize on the facts of my case. he told me our strategy, but failed to follow his own strategy of waiting for an offer to come to us, but he still charged me with meetings with the opposition with no offer on the table. we never received any replies to requests for information, but he was very insistent that we provide every scrap of paper from my personal files to the opposing lawyer before any discovery or even before he made our case. when we went to mediation, he was not familiar with the points of my case, and i explained for myself. i gave him information from my personal files, neatly and in folders, when it was returned, not everything was returned and it was a mess, not very professional. the outcome of my case was far less than expected and cost far more than the services i received. the facts are that i gave away part of my property for a right of way, needlessly.",,Captured from public Avvo attorney review page on 2026-03-29 after filtering to 2-star reviews; full review text was visible in the page output.,sherrard_mcgonagle_tizzano_p_s__wa,4cab2c57ed562ae2bbf197e4a38f961afa462f50,long,low_star_expectation_break;low_star_contact_failure;trust_vs_outcome_ambiguity;long_form,corpus_only,,unique,,
brianwalters_20260329_anonymous_2,20260328_wave80,avvo,https://www.avvo.com/attorneys/75219-tx-brian-walters-43122.html?rating=2,agent_browser_capture_avvo,"Walters Gilbreath, PLLC",Brian Douglas Walters,family_law,divorce_separation,Dallas,TX,2,"May 25, 2016",2026-03-29,anonymous,"Brian did not call me. Another guy, Matt, called. He answered my question but with a chilly, unfriendly tone. I got the information I need but just don't feel it is a good customer experience. Don't worry about the money.","brian did not call me. another guy, matt, called. he answered my question but with a chilly, unfriendly tone. i got the information i need but just don't feel it is a good customer experience. don't worry about the money.",,Captured from public Avvo attorney review page on 2026-03-29 after filtering to 2-star reviews; full review text was visible in the browser snapshot.,walters_gilbreath_pllc__tx,e1906216eae1c4c93a8dd6bf3c274cea85d18662,medium,low_star_contact_failure;low_star_clarity_break,corpus_only,,unique,,
edgardgarcia_20260329_anonymous_4,20260328_wave80,avvo,https://www.avvo.com/attorneys/92243-ca-edgard-garcia-1909912.html,agent_browser_capture_avvo,The Law Office of Edgard Garcia,Edgard Garcia,family_law,domestic_violence_child_support,El Centro,CA,4,"February 09, 2022",2026-03-29,anonymous,"Mr. Garcia did a great job defending me in court and assisting me in receiving my restraining order. The only issue with his services was the time he took to file my court documents. Our last court date was in early December, when I was granted my restraining order, and he did not file it with the court until the first week of February. I know holidays made things delayed, but he could've filed the documents the same day of our last hearing. His justification was that the court gave him issues filing, which I honestly don't believe. Mr. Garcia also took several days to respond to my emails and calls, which made me feel lost and upset. For the amount of money I paid, I believe he could've done a better job.","mr. garcia did a great job defending me in court and assisting me in receiving my restraining order. the only issue with his services was the time he took to file my court documents. our last court date was in early december, when i was granted my restraining order, and he did not file it with the court until the first week of february. i know holidays made things delayed, but he could've filed the documents the same day of our last hearing. his justification was that the court gave him issues filing, which i honestly don't believe. mr. garcia also took several days to respond to my emails and calls, which made me feel lost and upset. for the amount of money i paid, i believe he could've done a better job.",,Captured from public Avvo attorney review page on 2026-03-29; the full 4-star review was expanded in the browser snapshot before capture.,the_law_office_of_edgard_garcia__ca,adab7e38488dce222a92afb575dda2016bf9f503,long,mixed_4_star;low_star_contact_failure;low_star_expectation_break;long_form,corpus_only,,unique,,
michaeltroiano_20260329_stephanie_4,20260328_wave80,avvo,https://www.avvo.com/attorneys/ny-michael-troiano-870364.html,agent_web_capture_avvo,Michael F Troiano Esq,Michael Francis Troiano,social_security_disability,car_accidents,Brooklyn,NY,4,"August 30, 2018",2026-03-29,Stephanie,"Find a lawyer that specialize in disability only. It took 5 years and under his advisement, I took a deal that I received close to nothing. Although he's nice and have a pleasant staff, unfortunately that does not win cases.","find a lawyer that specialize in disability only. it took 5 years and under his advisement, i took a deal that i received close to nothing. although he's nice and have a pleasant staff, unfortunately that does not win cases.",,Captured from public Avvo attorney review page on 2026-03-29 using page search output that exposed the full 4-star review text and profile metadata.,michael_f_troiano_esq__ny,45b33939a5b7f53148e8877c196cd0ca928ddf5a,medium,mixed_4_star;trust_vs_outcome_ambiguity,corpus_only,,unique,,
martinkron_20260329_nick_4,20260328_wave80,avvo,https://www.avvo.com/attorneys/10017-ny-martin-kron-877563.html?page=9&version=variant,agent_web_capture_avvo,"Martin A. Kron & Associates, PC.",Martin A. Kron,speeding_traffic_ticket,dui_dwi,New York,NY,4,"September 30, 2016",2026-03-29,Nick,"I was very satisfied with Martin and his team as they resolved a speeding ticket and possible suspension issue I had. Martin's combination of experience, honesty, and positive demeanor helped me through my ordeal and made it a much more manageable process. He went above and beyond to provide me with all of the information regarding my ticket, making me feel much more in control. Although he spent a lot of time on the phone with me, ultimately my case was settled without having to go through a hearing and I didn't end up hiring Martin. I am very grateful for Martin's honesty as he did not pressure me to use his services, but rather helped me resolve the issue even though it meant he would lose out on my business.","i was very satisfied with martin and his team as they resolved a speeding ticket and possible suspension issue i had. martin's combination of experience, honesty, and positive demeanor helped me through my ordeal and made it a much more manageable process. he went above and beyond to provide me with all of the information regarding my ticket, making me feel much more in control. although he spent a lot of time on the phone with me, ultimately my case was settled without having to go through a hearing and i didn't end up hiring martin. i am very grateful for martin's honesty as he did not pressure me to use his services, but rather helped me resolve the issue even though it meant he would lose out on my business.",,Captured from public Avvo attorney review page on 2026-03-29 using page search output that exposed the full 4-star review text and profile metadata.,martin_a_kron_associates_pc__ny,b67c6a4bbb19b0f1e6b85dc22b39e171d137121f,long,mixed_4_star;explicit_positive_trust;long_form,corpus_only,,unique,,
donstewart_20260329_amy_1,20260328_wave80,avvo,https://www.avvo.com/attorneys/76063-tx-don-stewart-221603.html,agent_web_capture_avvo,"Don R. Stewart, Attorney at Law",Don R. Stewart,criminal_defense,family_business_probate,Mansfield,TX,1,"April 24, 2022",2026-03-29,Amy,"Hiring Don was the biggest mistake we could have ever made for a criminal case. He should not be working as an attorney in 2022. You will have to yell into his hearing aid 3+ times for him to understand a simple statement you make. He is rude and does not care about his clients. He did not fight for us during our court hearing. He took the first deal, took his money from us, closed the case, and left us to suffer. He said if you need more help, we need more money, but we can't help. This man should have his license revoked. He will not help you.","hiring don was the biggest mistake we could have ever made for a criminal case. he should not be working as an attorney in 2022. you will have to yell into his hearing aid 3+ times for him to understand a simple statement you make. he is rude and does not care about his clients. he did not fight for us during our court hearing. he took the first deal, took his money from us, closed the case, and left us to suffer. he said if you need more help, we need more money, but we can't help. this man should have his license revoked. he will not help you.",,Captured from public Avvo attorney review page on 2026-03-29; full 1-star review text was visible in the page output.,don_r_stewart_attorney_at_law__tx,28b443884d788f4026b0343dd1e77288c72f1146,medium,low_star_expectation_break;trust_vs_outcome_ambiguity;long_form,corpus_only,,unique,,
kowalski_20260329_mikec_2,20260328_wave80,google_maps,"https://www.google.com/maps/place/Kowalski,+Wilson+%26+Vang,+LLC/@43.097286,-89.5466183,11z/data=!3m1!5s0x8807af6aa34c5011:0x3f3b1a8b48165325!4m8!3m7!1s0x8807ae8a8dfd43c7:0xcf096024b34dfbbf!8m2!3d43.0761239!4d-89.5318687!9m1!1b1!16s%2Fg%2F1ptwbrkh0?entry=ttu",agent_browser_capture_google_maps,"Kowalski, Wilson & Vang, LLC",,family_law,divorce_custody,Madison,WI,2,a week ago,2026-03-29,Mike C,"Sent inquiry via their webform. Over a week later, I have no record that anyone reached out to me. Giving the benefit of the doubt, IF they did and I just can't find their phone number or email in my records, they must have said that they are not taking new cases.","sent inquiry via their webform. over a week later, i have no record that anyone reached out to me. giving the benefit of the doubt, if they did and i just can't find their phone number or email in my records, they must have said that they are not taking new cases.",,Captured from public Google Maps place page via agent browser capture on 2026-03-29 after sorting to lowest rating; full review text was visible in the live page snapshot.,kowalski_wilson_vang_llc__wi,1d5525210f67b3b11132f29a09d94a839510fa4d,medium,low_star_contact_failure;low_star_expectation_break,corpus_only,,unique,,
ssdattorneys_20260329_ambertopps_2,20260328_wave80,google_maps,https://www.google.com/maps/search/Social+Security+Disability+Attorneys+Alsip+IL,agent_browser_capture_google_maps,Social Security Disability Attorneys,,social_security_disability,disability_benefits,Alsip,IL,2,a year ago,2026-03-29,Amber Topps,Never called back,never called back,,Captured from a public Google Maps place page via agent browser capture on 2026-03-29 after searching the exact business name; full review text was visible in the live page snapshot.,social_security_disability_attorneys__il,a23da6104496894fa804e18a553225e05861901b,short,low_star_contact_failure,corpus_only,,unique,,
ssdattorneys_20260329_ashleydelao_1,20260328_wave80,google_maps,https://www.google.com/maps/search/Social+Security+Disability+Attorneys+Alsip+IL,agent_browser_capture_google_maps,Social Security Disability Attorneys,,social_security_disability,disability_benefits,Alsip,IL,1,3 years ago,2026-03-29,Ashley De La O,These lawyers are complete trash. I called twice they refused to help me. My case is getting worse they refused to listen and talked down to me. Told me to work at a movie theater. They were disrespectful and condescending.,these lawyers are complete trash. i called twice they refused to help me. my case is getting worse they refused to listen and talked down to me. told me to work at a movie theater. they were disrespectful and condescending.,,Captured from a public Google Maps place page via agent browser capture on 2026-03-29 after searching the exact business name; full review text was visible in the live page snapshot.,social_security_disability_attorneys__il,96cf7f100fab6aca8ad459447b84f634cb73600e,medium,low_star_contact_failure;low_star_clarity_break;low_star_expectation_break,corpus_only,,unique,,
morgan_20260329_williambaker_1,20260328_wave80,google_maps,"https://www.google.com/maps/place/Morgan+%26+Morgan/@33.7590553,-84.3867271,15z/data=!4m8!3m7!1s0x88f504787324de49:0xb50b0c4aed7cc181!8m2!3d33.7590553!4d-84.3867271!9m1!1b1!16s%2Fg%2F1tcvvpwq?entry=ttu",agent_browser_capture_google_maps,Morgan & Morgan,,personal_injury,injury_litigation,Atlanta,GA,1,a month ago,2026-03-29,william Baker,I am a client with this company. This was the biggest mistake a ever made. I fell for the comercial about for the people. They are for the money and they want to keep it as long as they can. Read your Better Business Bureau rating before you hire them if you are in Atlanta and are African American.,i am a client with this company. this was the biggest mistake a ever made. i fell for the comercial about for the people. they are for the money and they want to keep it as long as they can. read your better business bureau rating before you hire them if you are in atlanta and are african american.,,Captured from public Google Maps place page via agent browser capture on 2026-03-29 after sorting to lowest rating; full review text was visible in the live page snapshot.,morgan_morgan__ga,c6f656d684d80b8004d9af7ede4de8c361528e67,medium,low_star_expectation_break;trust_vs_outcome_ambiguity,corpus_only,,unique,,
morgan_20260329_wandahamm_1,20260328_wave80,google_maps,"https://www.google.com/maps/place/Morgan+%26+Morgan/@33.7590553,-84.3867271,15z/data=!4m8!3m7!1s0x88f504787324de49:0xb50b0c4aed7cc181!8m2!3d33.7590553!4d-84.3867271!9m1!1b1!16s%2Fg%2F1tcvvpwq?entry=ttu",agent_browser_capture_google_maps,Morgan & Morgan,,personal_injury,injury_litigation,Atlanta,GA,1,3 years ago,2026-03-29,Wanda Hamm,Well talking and the guy just hung up on me when I said it's a he said she said case with nobody hurt. Figured if it was a bad connection he would call back. No return call so guess it's not a big enough case with a big truck hitting us!!!,well talking and the guy just hung up on me when i said it's a he said she said case with nobody hurt. figured if it was a bad connection he would call back. no return call so guess it's not a big enough case with a big truck hitting us!!!,,Captured from public Google Maps place page via agent browser capture on 2026-03-29 after sorting to lowest rating; full review text was visible in the live page snapshot.,morgan_morgan__ga,203377e4f18df4b6d7b037be8747d59869bec5bc,medium,low_star_contact_failure;low_star_expectation_break,corpus_only,,unique,,
morgan_20260329_brittneyhayes_1,20260328_wave80,google_maps,"https://www.google.com/maps/place/Morgan+%26+Morgan/@33.7590553,-84.3867271,15z/data=!4m8!3m7!1s0x88f504787324de49:0xb50b0c4aed7cc181!8m2!3d33.7590553!4d-84.3867271!9m1!1b1!16s%2Fg%2F1tcvvpwq?entry=ttu",agent_browser_capture_google_maps,Morgan & Morgan,,personal_injury,injury_litigation,Atlanta,GA,1,3 years ago,2026-03-29,Brittney Hayes,"I've tried to seek help from Morgan and Morgan for two different cases one personal injury and the other a car accident, neither time were they able to help. I highly recommend Bethune law firm in Atlanta they were amazing with helping when Morgan and Morgan wouldn't even take my case.","i've tried to seek help from morgan and morgan for two different cases one personal injury and the other a car accident, neither time were they able to help. i highly recommend bethune law firm in atlanta they were amazing with helping when morgan and morgan wouldn't even take my case.",,Captured from public Google Maps place page via agent browser capture on 2026-03-29 after sorting to lowest rating; full review text was visible in the live page snapshot.,morgan_morgan__ga,3ab05c6f36d518dbeb063e39b607c493ade086cb,medium,low_star_expectation_break;trust_vs_outcome_ambiguity,corpus_only,,unique,,
nancyburt_20260329_jamie_4,20260328_wave80,avvo,https://www.avvo.com/attorneys/90025-ca-nancy-burt-324475.html,agent_web_capture_avvo_controlled_gap_fill,Nancy Leventhal Burt Law Offices,Nancy Leventhal Burt,family_law,divorce_separation,Los Angeles,CA,4,"March 04, 2013",2026-03-29,Jamie,"My husband used Nancy during his divorce with his ex. Nancy did a great job keeping costs as minimal as possible (still high but she tried to be reasonable). She communicated to his satisfaction and gave him very logical advice. She explained his options with detail and explained the differences in cost per option. Although his ex got quite a bit, Nancy made sure that the ex did not rip him a new one like she was trying.","my husband used nancy during his divorce with his ex. nancy did a great job keeping costs as minimal as possible (still high but she tried to be reasonable). she communicated to his satisfaction and gave him very logical advice. she explained his options with detail and explained the differences in cost per option. although his ex got quite a bit, nancy made sure that the ex did not rip him a new one like she was trying.",,Captured from public Avvo attorney review page via agent web capture on 2026-03-29; full 4-star review text visible in the live review section.,nancy_leventhal_burt_law_offices__ca,6da15d7915e4e461281a24505c4e54f8eb1e6f4d,medium,mixed_4_star;explicit_positive_trust,corpus_only,,unique,,
alexiskaplan_20260329_amy_4,20260328_wave80,avvo,https://www.avvo.com/attorneys/02067-ma-alexis-kaplan-3407498.html?rating=4,agent_web_capture_avvo_controlled_gap_fill,"Law Office of Alexis B. Kaplan, P.C.",Alexis B. Kaplan,estate_planning,real_estate,Canton,MA,4,"August 08, 2014",2026-03-29,Amy,Attorney Kaplan was able to resolve what was believed to be a complicated title issue fairly quickly and efficiently. She answered any questions that we had so we had a better understanding of the process and updated us on the status of the resolution.,attorney kaplan was able to resolve what was believed to be a complicated title issue fairly quickly and efficiently. she answered any questions that we had so we had a better understanding of the process and updated us on the status of the resolution.,,Captured from public Avvo attorney review page via agent web capture on 2026-03-29; full 4-star review text visible in the filtered review view.,law_office_of_alexis_b_kaplan_p_c__ma,d5280969453662cd3167cc8f05fa423849dcb4ad,medium,mixed_4_star;explicit_positive_outcome;explicit_positive_trust,corpus_only,,unique,,
jenniferjamison_20260329_derek_4,20260328_wave80,avvo,https://www.avvo.com/attorneys/78701-tx-jennifer-jamison-4993695.html#reviews,agent_web_capture_avvo_controlled_gap_fill,Stephen T. Bowling & Associates,Jennifer Ann Jamison,criminal_defense,,Austin,TX,4,"February 24, 2020",2026-03-29,Derek,"Ms. Jamison was pretty much everything that one might want in a criminal defense attorney, she took care of everything in a timely manner and with limited effort required from her client. I was charged with a third degree felony at the start of my trip to Austin, and jailed. My girlfriend found Ms. Jamison, paid her retainer, and Ms. Jamison took it from there. She got me excused from every single court date, she got the charges dropped, and she answered my questions. The only reason I am rating 4 stars instead of 5 is because most of the time I had to reach out to her for updates, like after a court date, instead of her reaching out to me. However, that being said she was always responsive when I did reach out to her.","ms. jamison was pretty much everything that one might want in a criminal defense attorney, she took care of everything in a timely manner and with limited effort required from her client. i was charged with a third degree felony at the start of my trip to austin, and jailed. my girlfriend found ms. jamison, paid her retainer, and ms. jamison took it from there. she got me excused from every single court date, she got the charges dropped, and she answered my questions. the only reason i am rating 4 stars instead of 5 is because most of the time i had to reach out to her for updates, like after a court date, instead of her reaching out to me. however, that being said she was always responsive when i did reach out to her.",,Captured from public Avvo attorney review page via agent web capture on 2026-03-29; full 4-star review text visible in the live review section.,stephen_t_bowling_associates__tx,19b4c9c24bb22e24ef76436d7992004ceb5c5ebd,long,mixed_4_star;explicit_positive_outcome;low_star_contact_failure,corpus_only,,unique,,
ericmark_20260329_marie_4,20260328_wave80,avvo,https://www.avvo.com/attorneys/07104-nj-eric-mark-3342065.html?rating=4,agent_web_capture_avvo_controlled_gap_fill,Law Office of Eric M. Mark,Eric M. Mark,immigration,naturalization,Newark,NJ,4,"January 31, 2025",2026-03-29,Marie,"My case was administratively closed after I missed my naturalization interview due to not receiving the notice. To navigate the complexities of immigration law, I sought Erik Mark's assistance in reopening my case. The lawyer provided outstanding support by reviewing my application and ensuring I had all the necessary documentation. He promptly addressed my questions, alleviating my stress. The lawyer clearly explained the legal terms and reviewed the interview questions. I am pleased to have successfully obtained my U.S. citizenship, and the process was smooth. This achievement has opened new opportunities for me, including the ability to vote and travel with a U.S. passport.","my case was administratively closed after i missed my naturalization interview due to not receiving the notice. to navigate the complexities of immigration law, i sought erik mark's assistance in reopening my case. the lawyer provided outstanding support by reviewing my application and ensuring i had all the necessary documentation. he promptly addressed my questions, alleviating my stress. the lawyer clearly explained the legal terms and reviewed the interview questions. i am pleased to have successfully obtained my u.s. citizenship, and the process was smooth. this achievement has opened new opportunities for me, including the ability to vote and travel with a u.s. passport.",,Captured from public Avvo attorney review page via agent web capture on 2026-03-29; full 4-star review text visible in the filtered review view.,law_office_of_eric_m_mark__nj,d927d2ed7ca6d2cda79fe994518e9b8f6cca9151,medium,mixed_4_star;explicit_positive_outcome;explicit_positive_trust,corpus_only,,unique,,
ryangarry_20260329_noellevitzthum_5,20260328_wave80,google_maps,"https://www.google.com/maps/place/Ryan+Garry+LLC,+Minneapolis+Criminal+Defense+Attorneys/@44.9742544,-93.2675756,17z/data=!3m1!4b1!4m6!3m5!1s0x52b3329db246668f:0xf1250c222b7411cc!8m2!3d44.9742544!4d-93.2675756!16s%2Fg%2F1td04prs?entry=ttu&g_ep=EgoyMDI2MDMyNC4wIKXMDSoASAFQAw%3D%3D",agent_browser_capture_google_maps,"Ryan Garry LLC, Minneapolis Criminal Defense Attorneys",Ryan Garry,criminal_defense,felony_defense,Minneapolis,MN,5,2 weeks ago,2026-03-29,noelle vitzthum,"I cannot recommend Ryan enough as an attorney! From the beginning, Ryan and his team were professional, knowledgeable, and very easy to work with. They took the time to explain everything clearly and made sure I understood my options every step of the way. What stood out most to me was how responsive and supportive they were throughout the process. I always felt like my questions were taken seriously and that they genuinely cared about helping me get the best possible outcome and as quickly as possible! Ryan was the only lawyer I connected with that had a positive outlook about my case and was willing to put in the work to get my charge dismissed! I will be forever grateful for their services and would highly recommend them to anyone looking for a trustworthy and dedicated attorney. Thank you so much Ryan, Elizabeth and Shelly!","i cannot recommend ryan enough as an attorney! from the beginning, ryan and his team were professional, knowledgeable, and very easy to work with. they took the time to explain everything clearly and made sure i understood my options every step of the way. what stood out most to me was how responsive and supportive they were throughout the process. i always felt like my questions were taken seriously and that they genuinely cared about helping me get the best possible outcome and as quickly as possible! ryan was the only lawyer i connected with that had a positive outlook about my case and was willing to put in the work to get my charge dismissed! i will be forever grateful for their services and would highly recommend them to anyone looking for a trustworthy and dedicated attorney. thank you so much ryan, elizabeth and shelly!",,Captured from public Google Maps place page via agent browser capture on 2026-03-29; full review text visible after expanding the review body with More.,ryan_garry_llc_minneapolis_criminal_defense_attorneys__mn,c2a0c4e0c257056522e33ca8cc7c9374e0aa85fd,long,explicit_positive_outcome;explicit_positive_trust;long_form,corpus_only,,unique,,
ryangarry_20260329_joshhoekstra_5,20260328_wave80,google_maps,"https://www.google.com/maps/place/Ryan+Garry+LLC,+Minneapolis+Criminal+Defense+Attorneys/@44.9742544,-93.2675756,17z/data=!3m1!4b1!4m6!3m5!1s0x52b3329db246668f:0xf1250c222b7411cc!8m2!3d44.9742544!4d-93.2675756!16s%2Fg%2F1td04prs?entry=ttu&g_ep=EgoyMDI2MDMyNC4wIKXMDSoASAFQAw%3D%3D",agent_browser_capture_google_maps,"Ryan Garry LLC, Minneapolis Criminal Defense Attorneys",Ryan Garry,criminal_defense,felony_defense,Minneapolis,MN,5,a month ago,2026-03-29,Josh Hoekstra,"I am extremely thankful for having Ryan represent me. From the first phone call I had with him describing my situation to the conclusion of my case - his professionalism was apparent. However, what really made an impression was the understanding and compassion he showed. The information sharing, and positive attitude he had every time we spoke relieved a great deal of stress. I felt I could always ask questions and express how I felt without judgement. Having representation with Ryan's level of professionalism, experience, and the gift of presenting a light at the end of the tunnel made all the difference in the world! I cannot imagine having anyone else represent me in the way Ryan did. I strongly recommend Ryan to anyone in need of expert legal representation!","i am extremely thankful for having ryan represent me. from the first phone call i had with him describing my situation to the conclusion of my case - his professionalism was apparent. however, what really made an impression was the understanding and compassion he showed. the information sharing, and positive attitude he had every time we spoke relieved a great deal of stress. i felt i could always ask questions and express how i felt without judgement. having representation with ryan's level of professionalism, experience, and the gift of presenting a light at the end of the tunnel made all the difference in the world! i cannot imagine having anyone else represent me in the way ryan did. i strongly recommend ryan to anyone in need of expert legal representation!",,Captured from public Google Maps place page via agent browser capture on 2026-03-29; full review text visible after expanding the review body with More.,ryan_garry_llc_minneapolis_criminal_defense_attorneys__mn,706a989de90dcd9e227409989b760b2a1ac0dd4e,long,explicit_positive_trust;long_form,corpus_only,,unique,,
ryangarry_20260329_kenwatson_5,20260328_wave80,google_maps,"https://www.google.com/maps/place/Ryan+Garry+LLC,+Minneapolis+Criminal+Defense+Attorneys/@44.9742544,-93.2675756,17z/data=!3m1!4b1!4m6!3m5!1s0x52b3329db246668f:0xf1250c222b7411cc!8m2!3d44.9742544!4d-93.2675756!16s%2Fg%2F1td04prs?entry=ttu&g_ep=EgoyMDI2MDMyNC4wIKXMDSoASAFQAw%3D%3D",agent_browser_capture_google_maps,"Ryan Garry LLC, Minneapolis Criminal Defense Attorneys",Ryan Garry,criminal_defense,felony_defense,Minneapolis,MN,5,3 weeks ago,2026-03-29,Ken Watson,"Ryan Garry is an exceptional attorney. I came to him at a low point, unsure of what my future held. He provided clear guidance and a strong defense. What impressed me most was the communication from his office-I always knew where I stood. They truly operate as a team and they have your back 100%.","ryan garry is an exceptional attorney. i came to him at a low point, unsure of what my future held. he provided clear guidance and a strong defense. what impressed me most was the communication from his office-i always knew where i stood. they truly operate as a team and they have your back 100%.",,Captured from public Google Maps place page via agent browser capture on 2026-03-29; full review text was visible in the live review panel.,ryan_garry_llc_minneapolis_criminal_defense_attorneys__mn,9325ed2c4f8c4e2e014bf9e0483b5667a54e5a05,medium,explicit_positive_trust;explicit_positive_outcome,corpus_only,,unique,,
chayet_20260329_williamprovidence_5,20260328_wave80,google_maps,"https://www.google.com/maps/place/Chayet+%26+Danzo,+LLC/@39.6770566,-105.0097428,12z/data=!3m1!5s0x876c7c2caa7ad471:0x45e372893d8f83f0!4m12!1m2!2m1!1sestate+planning+attorney+Denver+CO!3m8!1s0x876c7c2b5718a419:0xf965d59a55bd2e32!8m2!3d39.7035705!4d-104.9296298!9m1!1b1!15sCiJlc3RhdGUgcGxhbm5pbmcgYXR0b3JuZXkgRGVudmVyIENPWiQiImVzdGF0ZSBwbGFubmluZyBhdHRvcm5leSBkZW52ZXIgY2-SARhlc3RhdGVfcGxhbm5pbmdfYXR0b3JuZXmaASRDaGREU1VoTk1HOW5TMFZKUTBGblNVTjFlRjlUU0RCQlJSQULgAQD6AQQIXRBD!16s%2Fg%2F1tfh_240?entry=ttu&g_ep=EgoyMDI2MDMyNC4wIKXMDSoASAFQAw%3D%3D",agent_browser_capture_google_maps,"Chayet & Danzo, LLC",Marco Chayet,estate_planning,probate_elder_law,Denver,CO,5,a month ago,2026-03-29,William Providence,"I was referred to Marco by David Littman who is one of the best divorce lawyers in all of Colorado. Marco did my mom's estate and she is still living, and they did such an outstanding job. My mom has a really difficult personality and even with her, everything still went smooth. Highly recommended.","i was referred to marco by david littman who is one of the best divorce lawyers in all of colorado. marco did my mom's estate and she is still living, and they did such an outstanding job. my mom has a really difficult personality and even with her, everything still went smooth. highly recommended.",,Captured from public Google Maps place page via agent browser capture on 2026-03-29 after sorting reviews; full review text was visible in the live review panel.,chayet_danzo_llc__co,36ba8665125b3d88f74b6cdbaa1250b05212b798,medium,explicit_positive_trust;explicit_positive_outcome,corpus_only,,unique,,
chayet_20260329_caw8taw_1,20260328_wave80,google_maps,"https://www.google.com/maps/place/Chayet+%26+Danzo,+LLC/@39.6770566,-105.0097428,12z/data=!3m1!5s0x876c7c2caa7ad471:0x45e372893d8f83f0!4m12!1m2!2m1!1sestate+planning+attorney+Denver+CO!3m8!1s0x876c7c2b5718a419:0xf965d59a55bd2e32!8m2!3d39.7035705!4d-104.9296298!9m1!1b1!15sCiJlc3RhdGUgcGxhbm5pbmcgYXR0b3JuZXkgRGVudmVyIENPWiQiImVzdGF0ZSBwbGFubmluZyBhdHRvcm5leSBkZW52ZXIgY2-SARhlc3RhdGVfcGxhbm5pbmdfYXR0b3JuZXmaASRDaGREU1VoTk1HOW5TMFZKUTBGblNVTjFlRjlUU0RCQlJSQULgAQD6AQQIXRBD!16s%2Fg%2F1tfh_240?entry=ttu&g_ep=EgoyMDI2MDMyNC4wIKXMDSoASAFQAw%3D%3D",agent_browser_capture_google_maps,"Chayet & Danzo, LLC",,estate_planning,probate_elder_law,Denver,CO,1,6 months ago,2026-03-29,Caw8taw,"You should NOT hire this company to support the rights of under age children who have no say BC their age! We hired them, ZERO communication with their client, filed court docs and have NEVER spoken to their client! 6 mos later they want to coordinate a meeting! Amazing customer service! Do Not listen to their clients needs or wants! Do NOT hear those who CANNOT speak for themselves but yet that was your #1 selling point! That you would take care of and support my child! But YOU DID NOT! Chose to take the other side instead of being transparent and Listening to my Child! She's not 2 she's 15 and you were hired to support her and yet you NEVER asked her opinion and I've told you from day 1 she needs a VOICE with her sister! You absolutely disregarded her voice! Very disappointed as you were highly recommended","you should not hire this company to support the rights of under age children who have no say bc their age! we hired them, zero communication with their client, filed court docs and have never spoken to their client! 6 mos later they want to coordinate a meeting! amazing customer service! do not listen to their clients needs or wants! do not hear those who cannot speak for themselves but yet that was your #1 selling point! that you would take care of and support my child! but you did not! chose to take the other side instead of being transparent and listening to my child! she's not 2 she's 15 and you were hired to support her and yet you never asked her opinion and i've told you from day 1 she needs a voice with her sister! you absolutely disregarded her voice! very disappointed as you were highly recommended",,Captured from public Google Maps place page via agent browser capture on 2026-03-29 after expanding the review body with More; full text visible in the live review panel.,chayet_danzo_llc__co,9c347894fda7fe1db5d47acd20a932edebbe0347,long,low_star_contact_failure;low_star_expectation_break;trust_vs_outcome_ambiguity;long_form,corpus_only,,unique,,
chayet_20260329_jamaeldelgado_5,20260328_wave80,google_maps,"https://www.google.com/maps/place/Chayet+%26+Danzo,+LLC/@39.6770566,-105.0097428,12z/data=!3m1!5s0x876c7c2caa7ad471:0x45e372893d8f83f0!4m12!1m2!2m1!1sestate+planning+attorney+Denver+CO!3m8!1s0x876c7c2b5718a419:0xf965d59a55bd2e32!8m2!3d39.7035705!4d-104.9296298!9m1!1b1!15sCiJlc3RhdGUgcGxhbm5pbmcgYXR0b3JuZXkgRGVudmVyIENPWiQiImVzdGF0ZSBwbGFubmluZyBhdHRvcm5leSBkZW52ZXIgY2-SARhlc3RhdGVfcGxhbm5pbmdfYXR0b3JuZXmaASRDaGREU1VoTk1HOW5TMFZKUTBGblNVTjFlRjlUU0RCQlJSQULgAQD6AQQIXRBD!16s%2Fg%2F1tfh_240?entry=ttu&g_ep=EgoyMDI2MDMyNC4wIKXMDSoASAFQAw%3D%3D",agent_browser_capture_google_maps,"Chayet & Danzo, LLC",Tamara Trujillo,estate_planning,probate_elder_law,Denver,CO,5,6 months ago,2026-03-29,Jamael Delgado,"Needing the assistance of lawyer can be overwhelming. Finding someone who listens, dedicates their time and gives you their best legal advise is invaluable. Thank you Tamara Trujillo for all your help. I am very happy with Chayet and Danzo. Thank you.","needing the assistance of lawyer can be overwhelming. finding someone who listens, dedicates their time and gives you their best legal advise is invaluable. thank you tamara trujillo for all your help. i am very happy with chayet and danzo. thank you.",,Captured from public Google Maps place page via agent browser capture on 2026-03-29 after sorting reviews; full review text was visible in the live review panel.,chayet_danzo_llc__co,24893616aa9640b31a8133d084170e96f7460c47,medium,explicit_positive_trust,corpus_only,,unique,,
newfrontier_20260403_vlopez_1,20260328_wave80,google_maps,"https://www.google.com/maps/place/New+Frontier+Immigration+Law/@33.4599444,-112.0823207,17z/data=!4m8!3m7!1s0x872b13e7a7465d3d:0x23f216f055126c22!8m2!3d33.4599444!4d-112.0823207!9m1!1b1!16s%2Fg%2F11gnpzc7mf?authuser=0&hl=en&entry=ttu&g_ep=EgoyMDI2MDQwMS4wIKXMDSoASAFQAw%3D%3D",agent_browser_capture_google_maps,New Frontier Immigration Law,,immigration,,Phoenix,AZ,1,5 months ago,2026-04-03,VLopez,"Disappointing Experience - Beware of Misleading Positive Reviews

Despite the many glowing reviews, my experience with New Frontier was extremely disappointing. We hired them for a straightforward Permanent Resident card renewal, but the process was mishandled at every stage:

Delayed submission: Our application was submitted over 60 days late, with no valid explanation despite all fees being paid and documents provided upfront.
Incorrect forms: They submitted the wrong application, resulting in a denial. Initially, they tried to charge us a resubmission fee for their own error, only reversing this after I insisted.
Poor communication: Scheduled meetings were missed at least five times, and I only received responses after repeatedly following up.
Lack of transparency: Important correspondence was never shared proactively. Critical documents were withheld for over 60 days, impacting our ability to renew license.
Neglect of details: The online access code was never sent, and by the time I asked, it had expired-creating further unnecessary work.

Given these repeated issues, I am genuinely skeptical of the overwhelmingly positive reviews. Our simple case became a source of frustration and wasted time. I strongly advise others to look elsewhere for reliable immigration services.

I am taking a huge risk here as my Moms case is still open with them but I simply cannot in good faith hold off until the process is complete. Stay away... And if someone from this office comments and tells me to call them.. I have very frequently and nothing changed. Spoke to the actual Attorney handling the case and nothing changed. Disgusted to say the least. If this is how they treat their customers, many who may not question them and think this is normal they should not be serving our community.","disappointing experience - beware of misleading positive reviews despite the many glowing reviews, my experience with new frontier was extremely disappointing. we hired them for a straightforward permanent resident card renewal, but the process was mishandled at every stage: delayed submission: our application was submitted over 60 days late, with no valid explanation despite all fees being paid and documents provided upfront. incorrect forms: they submitted the wrong application, resulting in a denial. initially, they tried to charge us a resubmission fee for their own error, only reversing this after i insisted. poor communication: scheduled meetings were missed at least five times, and i only received responses after repeatedly following up. lack of transparency: important correspondence was never shared proactively. critical documents were withheld for over 60 days, impacting our ability to renew license. neglect of details: the online access code was never sent, and by the time i asked, it had expired-creating further unnecessary work. given these repeated issues, i am genuinely skeptical of the overwhelmingly positive reviews. our simple case became a source of frustration and wasted time. i strongly advise others to look elsewhere for reliable immigration services. i am taking a huge risk here as my moms case is still open with them but i simply cannot in good faith hold off until the process is complete. stay away... and if someone from this office comments and tells me to call them.. i have very frequently and nothing changed. spoke to the actual attorney handling the case and nothing changed. disgusted to say the least. if this is how they treat their customers, many who may not question them and think this is normal they should not be serving our community.",,Captured from public Google Maps place page via agent browser capture on 2026-04-03; full review text visible in live page snapshot.,new_frontier_immigration_law__az,6bb45bd51efd7d1509b8a0dd2445852bec368a5c,long,low_star_contact_failure;low_star_expectation_break;trust_vs_outcome_ambiguity;long_form,corpus_only,,unique,,
newfrontier_20260403_neilmarkbeltran_5,20260328_wave80,google_maps,"https://www.google.com/maps/place/New+Frontier+Immigration+Law/@33.4599444,-112.0823207,17z/data=!4m8!3m7!1s0x872b13e7a7465d3d:0x23f216f055126c22!8m2!3d33.4599444!4d-112.0823207!9m1!1b1!16s%2Fg%2F11gnpzc7mf?authuser=0&hl=en&entry=ttu&g_ep=EgoyMDI2MDQwMS4wIKXMDSoASAFQAw%3D%3D",agent_browser_capture_google_maps,New Frontier Immigration Law,,immigration,,Phoenix,AZ,5,5 months ago,2026-04-03,Neil Mark Beltran,"New Frontier Immigration Law offers exceptional legal and immigration service, blending deep legal expertise with genuine client dedication. They successfully handled my complex case, securing a positive outcome that other firms had told us was impossible. The team provided clear communication and compassionate support every step of the way, making a stressful process for U Visa manageable. If you need reliable, dedicated, and highly effective immigration representation, look no further than New Frontier.","new frontier immigration law offers exceptional legal and immigration service, blending deep legal expertise with genuine client dedication. they successfully handled my complex case, securing a positive outcome that other firms had told us was impossible. the team provided clear communication and compassionate support every step of the way, making a stressful process for u visa manageable. if you need reliable, dedicated, and highly effective immigration representation, look no further than new frontier.",,Captured from public Google Maps place page via agent browser capture on 2026-04-03; full review text visible in live page snapshot.,new_frontier_immigration_law__az,41d52062c07e2096999bb07881e3037b7e740e08,medium,explicit_positive_outcome;explicit_positive_trust;long_form,corpus_only,,unique,,
ericpalacios_20260403_gabrielrodriguez_1,20260328_wave80,google_maps,"https://www.google.com/maps/place/Eric+Palacios+%26+Associates+Ltd/@36.147688,-115.2634001,12z/data=!4m12!1m2!2m1!1simmigration+attorney+Las+Vegas+NV!3m8!1s0x80c8c4985dbeebaf:0xd1106b4c48bdf8a5!8m2!3d36.147688!4d-115.1192045!9m1!1b1!15sCiFpbW1pZ3JhdGlvbiBhdHRvcm5leSBMYXMgVmVnYXMgTlZaIyIhaW1taWdyYXRpb24gYXR0b3JuZXkgbGFzIHZlZ2FzIG52kgEUaW1taWdyYXRpb25fYXR0b3JuZXmaASNDaFpEU1VoTk1HOW5TMFZKUTBGblNVTktlV0Y2VlZwbkVBReABAPoBBAhAEC0!16s%2Fg%2F113f_fz_p?entry=ttu&g_ep=EgoyMDI2MDQwMS4wIKXMDSoASAFQAw%3D%3D",agent_browser_capture_google_maps,Eric Palacios & Associates Ltd,,immigration,,Las Vegas,NV,1,a year ago,2026-04-03,Gabriel Rodriguez,"Hello, good afternoon. Today I was in his office at 10:30 am, I wanted to speak with my Lawyer Alexander and they denied me to speak with him. He was assisted by his personal secretary and made me go to a conference office and he told me that Alexander was no longer my Lawyer that he canceled the contract and did not want to represent me anymore. I told her that I wanted to talk to him, Attorney Alexander, and she told me that he did not want to talk to me and wanted to give me the contract cancellation papers, but I did not accept them and she told me that she did not care because she already sent him mail. I told him that he called me on Friday afternoon but I was finished at the hospital Mountain View and I could not answer when he called because the doctors were checking me out. They also left me hospitalized and the next day they did an Emergency MRI at 8am due to the condition of my condition due to the very high Pressure. Nausea, a lot of headache, blurred vision, dizziness, etc. I called after they did the MRI at around 9am. I talked to the operator because she told me that the offices were locked. I told her that I wanted to speak with my Lawyer Alexander and she took all my information and told me that she would send him a message immediately so that Lawyer Alexander could contact me. I told her that I was admitted to the Mountain View Hospital and she also told her I passed Room 504 where I was. Because I wanted to explain everything the doctors told me about my critical situation and for that reason I was hospitalized. But Lawyer Alexander never called me or even sent me messages. Today I went to his office, Erick Palacios, to speak with the lawyer and they denied me. Until today, Tuesday July 30, it is 12:40 pm. I never heard back from Attorney Alexander either by phone or by message. I signed a contract with the Lawyer for him to be my representative and he told me that I had peace of mind and was in very good hands. In addition, they charge me 33 percent of the case when they win plus administrative expenses, etc. You, Mr. Erick Palacios, brought me a case in December 2019 and the marriage was completed and closed in December 2021 and you paid me compensation for my injury and you collected all the expenses and made money with my Trajo accident More than 25,000 Dollars you earned with me. Now I want Mr. Eric Palacios because they are not treating me with the education and seriousness that I deserve as a loyal client of his Law Firm. I returned for the second time to have you represent me, but the Legal Assistant Magaly treated me very badly, disrespecting me for a telephone conversation we had last week when I asked her to please send me all the medical papers that you made copies and some photos of my accident that I texted to his office. I explained to her that she needed them to send it by email or fax to the phone number that I sent her by message and the photo of the card from the company where I work. She refused to send those photos and told me that I had to go to an office and send it by email. Because this was not her job. So I want you, Eric Palacios, to explain to me why you are charging me 33 percent plus administrative expenses, when your legal assistants are not doing their job. I need an appointment with you to discuss this issue personally. I thank you in advance for your attention. Sincerely Gabriel Horacio Rodriguez....July 30 at 12:58 pm I am sending this message by text to the number that Lawyer Alexander gave me, thank you very much and good afternoon...","hello, good afternoon. today i was in his office at 10:30 am, i wanted to speak with my lawyer alexander and they denied me to speak with him. he was assisted by his personal secretary and made me go to a conference office and he told me that alexander was no longer my lawyer that he canceled the contract and did not want to represent me anymore. i told her that i wanted to talk to him, attorney alexander, and she told me that he did not want to talk to me and wanted to give me the contract cancellation papers, but i did not accept them and she told me that she did not care because she already sent him mail. i told him that he called me on friday afternoon but i was finished at the hospital mountain view and i could not answer when he called because the doctors were checking me out. they also left me hospitalized and the next day they did an emergency mri at 8am due to the condition of my condition due to the very high pressure. nausea, a lot of headache, blurred vision, dizziness, etc. i called after they did the mri at around 9am. i talked to the operator because she told me that the offices were locked. i told her that i wanted to speak with my lawyer alexander and she took all my information and told me that she would send him a message immediately so that lawyer alexander could contact me. i told her that i was admitted to the mountain view hospital and she also told her i passed room 504 where i was. because i wanted to explain everything the doctors told me about my critical situation and for that reason i was hospitalized. but lawyer alexander never called me or even sent me messages. today i went to his office, erick palacios, to speak with the lawyer and they denied me. until today, tuesday july 30, it is 12:40 pm. i never heard back from attorney alexander either by phone or by message. i signed a contract with the lawyer for him to be my representative and he told me that i had peace of mind and was in very good hands. in addition, they charge me 33 percent of the case when they win plus administrative expenses, etc. you, mr. erick palacios, brought me a case in december 2019 and the marriage was completed and closed in december 2021 and you paid me compensation for my injury and you collected all the expenses and made money with my trajo accident more than 25,000 dollars you earned with me. now i want mr. eric palacios because they are not treating me with the education and seriousness that i deserve as a loyal client of his law firm. i returned for the second time to have you represent me, but the legal assistant magaly treated me very badly, disrespecting me for a telephone conversation we had last week when i asked her to please send me all the medical papers that you made copies and some photos of my accident that i texted to his office. i explained to her that she needed them to send it by email or fax to the phone number that i sent her by message and the photo of the card from the company where i work. she refused to send those photos and told me that i had to go to an office and send it by email. because this was not her job. so i want you, eric palacios, to explain to me why you are charging me 33 percent plus administrative expenses, when your legal assistants are not doing their job. i need an appointment with you to discuss this issue personally. i thank you in advance for your attention. sincerely gabriel horacio rodriguez....july 30 at 12:58 pm i am sending this message by text to the number that lawyer alexander gave me, thank you very much and good afternoon...",,Captured from public Google Maps place page via agent browser capture on 2026-04-03; full review text visible in live page snapshot.,eric_palacios_associates_ltd__nv,24a434860ee70ccd25bc81c0c1ed854191fbc982,long,low_star_contact_failure;trust_vs_outcome_ambiguity;long_form,corpus_only,,unique,,
fulton_20260403_jazzminnharvey_1,20260328_wave80,google_maps,"https://www.google.com/maps/place/Philip+J.+Fulton+Law+Office/@39.9688393,-85.3066395,8z/data=!3m1!5s0x88388f2ebc4519a9:0x770d18e5cffa9076!4m12!1m2!2m1!1ssocial+security+disability+attorney+Columbus+OH!3m8!1s0x88388f2ebdb75551:0xa0e57b9b139da84f!8m2!3d39.9688393!4d-82.9995106!9m1!1b1!15sCi9zb2NpYWwgc2VjdXJpdHkgZGlzYWJpbGl0eSBhdHRvcm5leSBDb2x1bWJ1cyBPSCIDiAEBWjEiL3NvY2lhbCBzZWN1cml0eSBkaXNhYmlsaXR5IGF0dG9ybmV5IGNvbHVtYnVzIG9okgEWcGVyc29uYWxfaW5qdXJ5X2xhd3llcpoBJENoZERTVWhOTUc5blMwVkpRMEZuU1VSa2NqUXRZVE4zUlJBQuABAPoBBAgAEDM!16s%2Fg%2F1tddsw02?entry=ttu&g_ep=EgoyMDI2MDQwMS4wIKXMDSoASAFQAw%3D%3D",agent_browser_capture_google_maps,Philip J. Fulton Law Office,,social_security_disability,workers_compensation,Columbus,OH,1,a month ago,2026-04-03,jazzminn harvey,"This law firm is not trying to help you. ""Literally writing the book on workers compensation"" means nothing when their lawyers show no action. Please read my review and know that if you have any doubts about this firm before your hearing or before your appeal hearing SEEK NEW REPRESENTATION!","this law firm is not trying to help you. ""literally writing the book on workers compensation"" means nothing when their lawyers show no action. please read my review and know that if you have any doubts about this firm before your hearing or before your appeal hearing seek new representation!",,Captured from public Google Maps place page via agent browser capture on 2026-04-03; full review text visible in live page snapshot.,philip_j_fulton_law_office__oh,422578b2b297e4085f41258357f5d06c258231d5,medium,low_star_expectation_break,corpus_only,,unique,,
fulton_20260403_kellieprenslow_5,20260328_wave80,google_maps,"https://www.google.com/maps/place/Philip+J.+Fulton+Law+Office/@39.9688393,-85.3066395,8z/data=!3m1!5s0x88388f2ebc4519a9:0x770d18e5cffa9076!4m12!1m2!2m1!1ssocial+security+disability+attorney+Columbus+OH!3m8!1s0x88388f2ebdb75551:0xa0e57b9b139da84f!8m2!3d39.9688393!4d-82.9995106!9m1!1b1!15sCi9zb2NpYWwgc2VjdXJpdHkgZGlzYWJpbGl0eSBhdHRvcm5leSBDb2x1bWJ1cyBPSCIDiAEBWjEiL3NvY2lhbCBzZWN1cml0eSBkaXNhYmlsaXR5IGF0dG9ybmV5IGNvbHVtYnVzIG9okgEWcGVyc29uYWxfaW5qdXJ5X2xhd3llcpoBJENoZERTVWhOTUc5blMwVkpRMEZuU1VSa2NqUXRZVE4zUlJBQuABAPoBBAgAEDM!16s%2Fg%2F1tddsw02?entry=ttu&g_ep=EgoyMDI2MDQwMS4wIKXMDSoASAFQAw%3D%3D",agent_browser_capture_google_maps,Philip J. Fulton Law Office,Philip J. Fulton,social_security_disability,workers_compensation,Columbus,OH,5,7 months ago,2026-04-03,Kellie prenslow,"I could not be happier with the services I received from the Fulton Law Office. I initially used their services for a workman's compensation claim. Once Mr. Fulton took over, I breathed a sigh of relief. He answered all my questions, explained everything so I could understand and kept in communication with me. My case was approved! Everyone I encountered or spoke to there was pleasant and professional.

When I needed their services again for a Social Security Disability claim, Chelsea Rubin and Kay Sanchez were amazing. They handled obtaining all my medical records and submitting them to Social Security. If I had a concern or question, even over a weekend, Kay would respond to me quickly! They were thorough and efficient! I could not have handled this without them. Because of their hard work, my Disability claim was approved within 5 month, which is very quick!

I would highly recommend them for any workman's compensation or Social Security Disability claims! At a time when I was trying to handle some very stressful issues, they took the stress away. Can't thank them all enough!","i could not be happier with the services i received from the fulton law office. i initially used their services for a workman's compensation claim. once mr. fulton took over, i breathed a sigh of relief. he answered all my questions, explained everything so i could understand and kept in communication with me. my case was approved! everyone i encountered or spoke to there was pleasant and professional. when i needed their services again for a social security disability claim, chelsea rubin and kay sanchez were amazing. they handled obtaining all my medical records and submitting them to social security. if i had a concern or question, even over a weekend, kay would respond to me quickly! they were thorough and efficient! i could not have handled this without them. because of their hard work, my disability claim was approved within 5 month, which is very quick! i would highly recommend them for any workman's compensation or social security disability claims! at a time when i was trying to handle some very stressful issues, they took the stress away. can't thank them all enough!",,Captured from public Google Maps place page via agent browser capture on 2026-04-03; full review text visible in live page snapshot.,philip_j_fulton_law_office__oh,d6b5e225b135239730cb0e9ad1d8d60836d5a66e,long,explicit_positive_outcome;explicit_positive_trust;long_form,corpus_only,,unique,,
fulton_20260403_crystalbrown_5,20260328_wave80,google_maps,"https://www.google.com/maps/place/Philip+J.+Fulton+Law+Office/@39.9688393,-85.3066395,8z/data=!3m1!5s0x88388f2ebc4519a9:0x770d18e5cffa9076!4m12!1m2!2m1!1ssocial+security+disability+attorney+Columbus+OH!3m8!1s0x88388f2ebdb75551:0xa0e57b9b139da84f!8m2!3d39.9688393!4d-82.9995106!9m1!1b1!15sCi9zb2NpYWwgc2VjdXJpdHkgZGlzYWJpbGl0eSBhdHRvcm5leSBDb2x1bWJ1cyBPSCIDiAEBWjEiL3NvY2lhbCBzZWN1cml0eSBkaXNhYmlsaXR5IGF0dG9ybmV5IGNvbHVtYnVzIG9okgEWcGVyc29uYWxfaW5qdXJ5X2xhd3llcpoBJENoZERTVWhOTUc5blMwVkpRMEZuU1VSa2NqUXRZVE4zUlJBQuABAPoBBAgAEDM!16s%2Fg%2F1tddsw02?entry=ttu&g_ep=EgoyMDI2MDQwMS4wIKXMDSoASAFQAw%3D%3D",agent_browser_capture_google_maps,Philip J. Fulton Law Office,,social_security_disability,workers_compensation,Columbus,OH,5,4 months ago,2026-04-03,Crystal Brown,I have been blessed to have such wonderful people in my life. Kay Sanchez and the entire Fulton Law Firm have been my solders in a tough battle I faced in life. I am forever thankful and grateful for them. I was represented by them in a lawsuit and Social Security approval! I was pleased in the outcomes. Kay I absolutely admire you and thank you for not only fighting for me along the way but being that light of hope along a long journey. Thanks to everyone 10 thumbs up everyone!,i have been blessed to have such wonderful people in my life. kay sanchez and the entire fulton law firm have been my solders in a tough battle i faced in life. i am forever thankful and grateful for them. i was represented by them in a lawsuit and social security approval! i was pleased in the outcomes. kay i absolutely admire you and thank you for not only fighting for me along the way but being that light of hope along a long journey. thanks to everyone 10 thumbs up everyone!,,Captured from public Google Maps place page via agent browser capture on 2026-04-03; full review text visible in live page snapshot.,philip_j_fulton_law_office__oh,8b5b1a8fb7c0588d257a012dd726a5d4df542d39,medium,explicit_positive_outcome;explicit_positive_trust;long_form,corpus_only,,unique,,
anchor_20260403_ag_2,20260328_wave80,google_maps,"https://www.google.com/maps/place/Anchor+Legal+Group,+PLLC/@36.844447,-76.3223246,12z/data=!3m1!5s0x89ba95e1e12828cd:0xae4c806bf0b4d547!4m10!1m2!2m1!1sestate+planning+attorney+Virginia+Beach+VA!3m6!1s0x89ba95ec8da98f2b:0x7a77f56f51b8111d!8m2!3d36.844447!4d-76.178129!15sCiplc3RhdGUgcGxhbm5pbmcgYXR0b3JuZXkgVmlyZ2luaWEgQmVhY2ggVkFaLCIqZXN0YXRlIHBsYW5uaW5nIGF0dG9ybmV5IHZpcmdpbmlhIGJlYWNoIHZhkgEWcGVyc29uYWxfaW5qdXJ5X2xhd3llcpoBI0NoWkRTVWhOTUc5blMwVkpRMEZuVFVSM2JIQlFhVkYzRUFF4AEA-gEFCNUBEEg!16s%2Fg%2F11n08fc0lb?entry=ttu&g_ep=EgoyMDI2MDQwMS4wIKXMDSoASAFQAw%3D%3D",agent_browser_capture_google_maps,"Anchor Legal Group, PLLC",,estate_planning,probate,Virginia Beach,VA,2,2 months ago,2026-04-03,A. G.,"I am deeply disappointed with my recent experience with this law firm. Somewhere around Five years ago, I had a positive experience with a founding attorney at this firm, receiving valuable advice. And felt like the attorney had a great moral compass.
When I encountered another legal matter, I returned to the firm, which had relocated to a new building.

I was referred to a different attorney in the practice, and paid a $250 consultation fee and met with the attorneys to discuss potential options. I was subsequently provided with a pay link for the retainer. I felt like it was a great consultation with the attorneys and highly considered retaining them.
However, due to the holiday season and increased workload, I had to postpone the matter.
Upon resuming the matter in the new year, I contacted the law firm to inquire about the possibility of asking a question before paying the retainer.
The secretary informed me that I would need to pay an additional $250 to ask a single question, then it will additionally be the $2500 retainer fee, equating to a total of $3000 out-of-pocket, before even utilizing the attorney's services.

I requested that the secretary, please take down my information and request, and forward it to the attorney to allow him the decision of whether or not he would be willing to answer my question.
However, I was denied this request.

The secretary insisted that I pay another $250 to do a full consult with the attorney and was unwilling to pass on my request. And was subsequently told ""that's the way we do things.""

This situation demonstrates a clear prioritization of financial gain over the establishment of a professional client relationship.

I had only one question to ask before paying the substantial amount for a retainer, yet I was met with a demand for yet another payment.

While I acknowledge the positive interaction I had during my initial consultation, (which is why I chose two stars instead of one) I am deeply disappointed with the way the secretary handled the situation.

I initially chose this firm because it was a Christian-owned firm that I thought placed moral values above all else. However, it is now perceived that the firm's emphasis is solely on financial gain above anything else.

It feels that the firm has deviated from its original principles. As a result of this experience, I am beyond disappointed.","i am deeply disappointed with my recent experience with this law firm. somewhere around five years ago, i had a positive experience with a founding attorney at this firm, receiving valuable advice. and felt like the attorney had a great moral compass. when i encountered another legal matter, i returned to the firm, which had relocated to a new building. i was referred to a different attorney in the practice, and paid a $250 consultation fee and met with the attorneys to discuss potential options. i was subsequently provided with a pay link for the retainer. i felt like it was a great consultation with the attorneys and highly considered retaining them. however, due to the holiday season and increased workload, i had to postpone the matter. upon resuming the matter in the new year, i contacted the law firm to inquire about the possibility of asking a question before paying the retainer. the secretary informed me that i would need to pay an additional $250 to ask a single question, then it will additionally be the $2500 retainer fee, equating to a total of $3000 out-of-pocket, before even utilizing the attorney's services. i requested that the secretary, please take down my information and request, and forward it to the attorney to allow him the decision of whether or not he would be willing to answer my question. however, i was denied this request. the secretary insisted that i pay another $250 to do a full consult with the attorney and was unwilling to pass on my request. and was subsequently told ""that's the way we do things."" this situation demonstrates a clear prioritization of financial gain over the establishment of a professional client relationship. i had only one question to ask before paying the substantial amount for a retainer, yet i was met with a demand for yet another payment. while i acknowledge the positive interaction i had during my initial consultation, (which is why i chose two stars instead of one) i am deeply disappointed with the way the secretary handled the situation. i initially chose this firm because it was a christian-owned firm that i thought placed moral values above all else. however, it is now perceived that the firm's emphasis is solely on financial gain above anything else. it feels that the firm has deviated from its original principles. as a result of this experience, i am beyond disappointed.",,Captured from a public Google Maps place page surfaced from a Virginia Beach estate / probate search on 2026-04-03; full review text was visible in the live page snapshot.,anchor_legal_group_pllc__va,d0bc27afdaf12585f51e99f89d4134dada91d3cc,long,low_star_expectation_break;trust_vs_outcome_ambiguity;long_form,corpus_only,,unique,,
anchor_20260403_eleanorsolis_5,20260328_wave80,google_maps,"https://www.google.com/maps/place/Anchor+Legal+Group,+PLLC/@36.844447,-76.3223246,12z/data=!3m1!5s0x89ba95e1e12828cd:0xae4c806bf0b4d547!4m10!1m2!2m1!1sestate+planning+attorney+Virginia+Beach+VA!3m6!1s0x89ba95ec8da98f2b:0x7a77f56f51b8111d!8m2!3d36.844447!4d-76.178129!15sCiplc3RhdGUgcGxhbm5pbmcgYXR0b3JuZXkgVmlyZ2luaWEgQmVhY2ggVkFaLCIqZXN0YXRlIHBsYW5uaW5nIGF0dG9ybmV5IHZpcmdpbmlhIGJlYWNoIHZhkgEWcGVyc29uYWxfaW5qdXJ5X2xhd3llcpoBI0NoWkRTVWhOTUc5blMwVkpRMEZuVFVSM2JIQlFhVkYzRUFF4AEA-gEFCNUBEEg!16s%2Fg%2F11n08fc0lb?entry=ttu&g_ep=EgoyMDI2MDQwMS4wIKXMDSoASAFQAw%3D%3D",agent_browser_capture_google_maps,"Anchor Legal Group, PLLC",Joshua Coe,estate_planning,probate,Virginia Beach,VA,5,4 weeks ago,2026-04-03,Eleanor Solis,"Excellent experience with Attorney Joshua Coe. He was professional, knowledgeable, and very responsive. He truly went above and beyond my expectations and put in extra work to make sure everything was handled properly. His staff was also incredibly kind, helpful, and accommodating. I highly recommend him.","excellent experience with attorney joshua coe. he was professional, knowledgeable, and very responsive. he truly went above and beyond my expectations and put in extra work to make sure everything was handled properly. his staff was also incredibly kind, helpful, and accommodating. i highly recommend him.",,Captured from a public Google Maps place page surfaced from a Virginia Beach estate / probate search on 2026-04-03; full review text was visible in the live page snapshot.,anchor_legal_group_pllc__va,4a47dde68f4a707ebac132be45d380138b1a7960,medium,explicit_positive_trust,corpus_only,,unique,,
anchor_20260403_courtneycornick_5,20260328_wave80,google_maps,"https://www.google.com/maps/place/Anchor+Legal+Group,+PLLC/@36.844447,-76.3223246,12z/data=!3m1!5s0x89ba95e1e12828cd:0xae4c806bf0b4d547!4m10!1m2!2m1!1sestate+planning+attorney+Virginia+Beach+VA!3m6!1s0x89ba95ec8da98f2b:0x7a77f56f51b8111d!8m2!3d36.844447!4d-76.178129!15sCiplc3RhdGUgcGxhbm5pbmcgYXR0b3JuZXkgVmlyZ2luaWEgQmVhY2ggVkFaLCIqZXN0YXRlIHBsYW5uaW5nIGF0dG9ybmV5IHZpcmdpbmlhIGJlYWNoIHZhkgEWcGVyc29uYWxfaW5qdXJ5X2xhd3llcpoBI0NoWkRTVWhOTUc5blMwVkpRMEZuVFVSM2JIQlFhVkYzRUFF4AEA-gEFCNUBEEg!16s%2Fg%2F11n08fc0lb?entry=ttu&g_ep=EgoyMDI2MDQwMS4wIKXMDSoASAFQAw%3D%3D",agent_browser_capture_google_maps,"Anchor Legal Group, PLLC",David Johnson,estate_planning,probate,Virginia Beach,VA,5,2 months ago,2026-04-03,Courtney Cornick,"My husband and I worked with Mr. David Johnson regarding a lease termination, and he was fantastic. He clearly explained the issues in our case and provided realistic expectations about possible outcomes. Mr. Johnson and his team were responsive, available for questions, and consistently stayed on top of our case. We are very appreciative of Mr. Johnson's services and the support we received from the Anchor Legal Group.","my husband and i worked with mr. david johnson regarding a lease termination, and he was fantastic. he clearly explained the issues in our case and provided realistic expectations about possible outcomes. mr. johnson and his team were responsive, available for questions, and consistently stayed on top of our case. we are very appreciative of mr. johnson's services and the support we received from the anchor legal group.",,Captured from a public Google Maps place page surfaced from a Virginia Beach estate / probate search on 2026-04-03; full review text was visible in the live page snapshot.,anchor_legal_group_pllc__va,7e4c16e7b452be311050f8ec165a9abd0fb0017f,medium,explicit_positive_outcome;explicit_positive_trust;long_form,corpus_only,,unique,,
swartz_20260403_patrickreyes_1,20260328_wave80,google_maps,"https://www.google.com/maps/place/Swartz+Law+Firm/@25.77448,-80.192179,17z/data=!3m1!5s0x88d9b69ea214c923:0xfe058341612a576d!4m8!3m7!1s0x88d9b69e19b574f9:0x1928b96a4c384d6a!8m2!3d25.77448!4d-80.192179!9m1!1b1!16s%2Fg%2F1th24m18?entry=ttu&g_ep=EgoyMDI2MDQwMS4wIKXMDSoASAFQAw%3D%3D",agent_browser_capture_google_maps,Swartz Law Firm,Ken Swartz,criminal_defense,,Miami,FL,1,4 months ago,2026-04-03,Patrick Reyes,Stay away from this attorney. He will do the minimum amount of work on your case. I was facing 2 felony charges. He tried to convince me to take a horror plea deal. I switched attorneys about two months after retaining him. Best decision I ever made.,stay away from this attorney. he will do the minimum amount of work on your case. i was facing 2 felony charges. he tried to convince me to take a horror plea deal. i switched attorneys about two months after retaining him. best decision i ever made.,,Captured from public Google Maps place page via agent browser capture on 2026-04-03; full review text visible in live page snapshot.,swartz_law_firm__fl,3df1e546e7ed94c9386131a3d11788cee283da87,medium,low_star_expectation_break;trust_vs_outcome_ambiguity,corpus_only,,unique,,
colleenglenn_20260403_dariazimina_4,20260328_wave80,avvo,https://www.avvo.com/attorneys/34205-fl-colleen-glenn-1270677.html?rating=4,agent_web_capture_avvo,"Colleen M. Glenn, PA",Colleen M. Glenn,criminal_defense,,Bradenton,FL,4,"October 30, 2020",2026-04-03,Daria Zimina,"Ms.Glenn represented my daughter in a misdemeanor case. She was very easy to work with, all options were clearly explained and all the details took care of.","ms.glenn represented my daughter in a misdemeanor case. she was very easy to work with, all options were clearly explained and all the details took care of.",,Captured from public Avvo attorney review page on 2026-04-03 after filtering to 4-star reviews; full review text was visible in the page output.,colleen_m_glenn_pa__fl,7bb50b539a789d1fcea84d1d29d61b2aabc2ab56,short,mixed_4_star,corpus_only,,unique,,
dandrea_20260403_anonymous_4,20260328_wave80,avvo,https://www.avvo.com/attorneys/18512-pa-joseph-dandrea-610576.html?rating=4,agent_web_capture_avvo,Joseph R. D'Andrea,Joseph R. D'Andrea,criminal_defense,,Dunmore,PA,4,"September 23, 2022",2026-04-03,anonymous,"Atty D'Andrea was easy to talk to about the situation. He gave me his advice and what he thought he could do and how he thought it would conclude. In the end, he was correct and I was relieved.","atty d'andrea was easy to talk to about the situation. he gave me his advice and what he thought he could do and how he thought it would conclude. in the end, he was correct and i was relieved.",,Captured from public Avvo attorney review page on 2026-04-03 after filtering to 4-star reviews; full review text was visible in the page output.,joseph_r_d_andrea__pa,a82cf14c15f737dfd633a1434954857a481031a9,medium,mixed_4_star,corpus_only,,unique,,
